,player.id,player.name,offsides,games.minutes,games.number,games.position,games.rating,games.captain,games.substitute,shots.total,shots.on,goals.total,goals.conceded,goals.assists,goals.saves,passes.total,passes.key,passes.accuracy,tackles.total,tackles.blocks,tackles.interceptions,duels.total,duels.won,dribbles.attempts,dribbles.success,dribbles.past,fouls.drawn,fouls.committed,cards.yellow,cards.red,penalty.won,penalty.commited,penalty.scored,penalty.missed,penalty.saved,fixture
0,280,Alisson,0.0,90.0,1,G,6.7,False,False,,,,1,,2.0,28.0,,24,,,,,,,,,,,0,0,,,0,0,0.0,867961
1,283,Trent Alexander-Arnold,1.0,90.0,66,D,8,False,False,1.0,,,0,,,94.0,5.0,74,1.0,,1.0,5.0,2.0,,,3.0,,,0,0,,,0,0,,867961
2,127472,Nathaniel Phillips,0.0,63.0,47,D,7.2,False,False,,,,0,,,79.0,,68,2.0,,2.0,7.0,6.0,,,,,1.0,0,0,,,0,0,,867961
3,290,Virgil van Dijk,0.0,90.0,4,D,6.9,False,False,1.0,,,0,,,80.0,,72,,,,,,,,,,,0,0,,,0,0,,867961
4,289,Andrew Robertson,0.0,63.0,26,D,6.3,False,False,,,,0,,,55.0,,45,,,1.0,6.0,1.0,1.0,,1.0,,,0,0,,,0,0,,867961
5,19035,Harvey Elliott,0.0,79.0,19,M,7.7,False,False,1.0,1.0,,0,,,60.0,2.0,54,5.0,,2.0,11.0,6.0,1.0,1.0,2.0,,1.0,0,0,,,0,0,,867961
6,299,Fabinho,0.0,90.0,3,M,7.3,False,False,,,,0,,,122.0,1.0,115,3.0,,2.0,12.0,5.0,,,4.0,1.0,2.0,0,0,,,0,0,,867961
7,296,James Milner,0.0,63.0,7,M,6.9,True,False,1.0,,,0,1.0,,38.0,2.0,33,1.0,,2.0,7.0,2.0,1.0,,2.0,,,0,0,,,0,0,,867961
8,306,Mohamed Salah,2.0,90.0,11,F,6.9,False,False,3.0,1.0,,0,,,32.0,8.0,26,,,,9.0,1.0,6.0,1.0,,,1.0,0,0,,,0,0,,867961
9,51617,Darwin Núñez,0.0,57.0,27,F,5.5,False,False,3.0,,,0,,,9.0,,6,,,,8.0,2.0,1.0,1.0,,1.0,1.0,0,1,,,0,0,,867961
10,2489,Luis Díaz,0.0,90.0,23,F,8.2,False,False,3.0,2.0,1.0,0,,,44.0,1.0,34,6.0,,1.0,28.0,16.0,10.0,7.0,,3.0,1.0,1,0,,,0,0,,867961
11,18812,Adrián,0.0,,13,G,,False,True,,,,0,,,,,,,,,,,,,,,,0,0,,,0,0,,867961
12,36922,Sepp van den Berg,0.0,,72,D,,False,True,,,,0,,,,,,,,,,,,,,,,0,0,,,0,0,,867961
13,310187,Stefan Bajčetić,0.0,,43,D,,False,True,,,,0,,,,,,,,,,,,,,,,0,0,,,0,0,,867961
14,284,Joe Gomez,0.0,27.0,2,D,6.9,False,True,,,,0,,,45.0,,44,,,1.0,2.0,1.0,,,,,,0,0,,,0,0,,867961
15,1600,Konstantinos Tsimikas,0.0,27.0,21,D,6.6,False,True,,,,0,,,17.0,,17,2.0,,,6.0,3.0,1.0,,1.0,1.0,,1,0,,,0,0,,867961
16,153066,Fabio Carvalho,0.0,11.0,28,M,6.2,False,True,1.0,,,0,,,5.0,,4,,,,4.0,1.0,,,,1.0,,0,0,,,0,0,,867961
17,334729,Bobby Clark,0.0,,42,M,,False,True,,,,0,,,,,,,,,,,,,,,,0,0,,,0,0,,867961
18,294,Naby Keïta,0.0,,8,M,,False,True,,,,0,,,,,,,,,,,,,,,,0,0,,,0,0,,867961
19,292,Jordan Henderson,0.0,27.0,14,M,7.2,False,True,,,,0,,,33.0,1.0,29,,,1.0,,,,,,,,0,0,,,0,0,,867961
0,280,Alisson,0.0,90.0,1,G,7.2,False,False,,,,0,,2.0,20.0,,18,,,,,,,,,,,0,0,,,0,0,0.0,867981
1,283,Trent Alexander-Arnold,0.0,83.0,66,D,9,False,False,1.0,1.0,1.0,0,,,95.0,3.0,83,2.0,,2.0,2.0,2.0,,,,,,0,0,,,0,0,,867981
2,284,Joe Gomez,0.0,90.0,2,D,7.2,False,False,,,,0,,,84.0,,73,,1.0,2.0,13.0,6.0,2.0,2.0,2.0,1.0,2.0,0,0,,,0,0,,867981
3,290,Virgil van Dijk,0.0,90.0,4,D,8.3,False,False,2.0,1.0,1.0,0,,,98.0,,88,1.0,,1.0,13.0,10.0,1.0,1.0,,,,0,0,,,0,0,,867981
4,289,Andrew Robertson,0.0,69.0,26,D,7,False,False,1.0,,,0,1.0,,58.0,1.0,51,,,,5.0,3.0,1.0,1.0,1.0,,,0,0,,,0,0,,867981
5,19035,Harvey Elliott,0.0,45.0,19,M,7.9,False,False,1.0,1.0,1.0,0,,,36.0,1.0,31,,,,2.0,2.0,2.0,2.0,,,,0,0,,,0,0,,867981
6,299,Fabinho,0.0,90.0,3,M,7.2,False,False,,,,0,,,51.0,1.0,45,5.0,,,14.0,7.0,,,2.0,,1.0,0,0,,,0,0,,867981
7,292,Jordan Henderson,0.0,70.0,14,M,7,True,False,,,,0,,,61.0,,51,1.0,,2.0,8.0,5.0,3.0,1.0,,1.0,,0,0,,,0,0,,867981
8,306,Mohamed Salah,2.0,90.0,11,F,6,False,False,4.0,1.0,,0,,,39.0,2.0,31,,,,7.0,1.0,3.0,,,1.0,1.0,0,0,,,0,0,,867981
9,302,Roberto Firmino,1.0,69.0,9,F,9.6,False,False,5.0,4.0,2.0,0,3.0,,30.0,4.0,20,,,1.0,6.0,1.0,2.0,,1.0,1.0,,0,0,,,0,0,,867981
10,2489,Luis Díaz,0.0,90.0,23,F,8.7,False,False,2.0,2.0,2.0,0,,,46.0,1.0,44,1.0,,1.0,11.0,4.0,4.0,2.0,,,1.0,0,0,,,0,0,,867981
11,180316,Harvey Davies,0.0,,95,G,,False,True,,,,0,,,,,,,,,,,,,,,,0,0,,,0,0,,867981
12,18812,Adrián,0.0,,13,G,,False,True,,,,0,,,,,,,,,,,,,,,,0,0,,,0,0,,867981
13,127472,Nathaniel Phillips,0.0,,47,D,,False,True,,,,0,,,,,,,,,,,,,,,,0,0,,,0,0,,867981
14,1600,Konstantinos Tsimikas,0.0,21.0,21,D,7.7,False,True,,,,0,2.0,,12.0,2.0,10,,,,,,,,,,,0,0,,,0,0,,867981
15,36922,Sepp van den Berg,0.0,,72,D,,False,True,,,,0,,,,,,,,,,,,,,,,0,0,,,0,0,,867981
16,310187,Stefan Bajčetić,0.0,20.0,43,D,6.6,False,True,,,,0,,,15.0,,12,,,,2.0,2.0,1.0,1.0,,1.0,,0,0,,,0,0,,867981
17,153066,Fabio Carvalho,0.0,45.0,28,M,7.2,False,True,1.0,1.0,1.0,0,,,15.0,,13,2.0,,,5.0,2.0,2.0,,,,,0,0,,,0,0,,867981
18,296,James Milner,0.0,21.0,7,M,6.9,False,True,1.0,1.0,,0,,,20.0,,18,,,,1.0,,,,,,,0,0,,,0,0,,867981
19,334729,Bobby Clark,0.0,12.0,42,M,6.5,False,True,,,,0,,,1.0,,1,,,,2.0,,1.0,,,,1.0,0,0,,,0,0,,867981
0,280,Alisson,0.0,90.0,1,G,6.7,False,False,,,,1,,1.0,36.0,,26,,,,,,,,,,,0,0,,,0,0,0.0,867994
1,283,Trent Alexander-Arnold,0.0,71.0,66,D,6.7,False,False,1.0,,,0,,,46.0,1.0,34,,,,3.0,1.0,1.0,1.0,1.0,,,0,0,,,0,0,,867994
2,284,Joe Gomez,0.0,90.0,2,D,6.6,False,False,1.0,,,0,,,96.0,,77,2.0,,1.0,21.0,10.0,1.0,1.0,,1.0,2.0,0,0,,,0,0,,867994
3,290,Virgil van Dijk,0.0,90.0,4,D,6.9,False,False,1.0,1.0,,0,,,87.0,1.0,74,,,3.0,4.0,1.0,,,,,,0,0,,,0,0,,867994
4,289,Andrew Robertson,0.0,71.0,26,D,6.9,False,False,,,,0,,,43.0,3.0,39,1.0,,,4.0,2.0,1.0,,1.0,,,0,0,,,0,0,,867994
5,19035,Harvey Elliott,0.0,90.0,19,M,6.9,False,False,1.0,1.0,,0,,,45.0,1.0,38,,,,14.0,6.0,8.0,4.0,,2.0,,0,0,,,0,0,,867994
6,299,Fabinho,0.0,90.0,3,M,6.9,False,False,2.0,,,0,,,88.0,,79,1.0,,,6.0,2.0,,,,,3.0,0,0,,,0,0,,867994
7,292,Jordan Henderson,0.0,71.0,14,M,6.9,True,False,,,,0,,,45.0,1.0,40,1.0,,1.0,4.0,2.0,1.0,,,1.0,,0,0,,,0,0,,867994
8,306,Mohamed Salah,0.0,90.0,11,F,7.6,False,False,1.0,,,0,2.0,,21.0,6.0,19,,,,15.0,6.0,6.0,3.0,,2.0,,0,0,,,0,0,,867994
9,302,Roberto Firmino,1.0,90.0,9,F,7.7,False,False,1.0,1.0,1.0,0,,,40.0,2.0,33,1.0,,,10.0,4.0,1.0,,2.0,,1.0,0,0,,,0,0,,867994
10,2489,Luis Díaz,1.0,90.0,23,F,6.9,False,False,4.0,2.0,,0,,,37.0,,28,,,,10.0,4.0,4.0,2.0,1.0,2.0,2.0,0,0,,,0,0,,867994
11,180316,Harvey Davies,0.0,,95,G,,False,True,,,,0,,,,,,,,,,,,,,,,0,0,,,0,0,,867994
12,18812,Adrián,0.0,,13,G,,False,True,,,,0,,,,,,,,,,,,,,,,0,0,,,0,0,,867994
13,310187,Stefan Bajčetić,0.0,,43,D,,False,True,,,,0,,,,,,,,,,,,,,,,0,0,,,0,0,,867994
14,286,Joël Matip,0.0,,32,D,,False,True,,,,0,,,,,,,,,,,,,,,,0,0,,,0,0,,867994
15,127472,Nathaniel Phillips,0.0,,47,D,,False,True,,,,0,,,,,,,,,,,,,,,,0,0,,,0,0,,867994
16,1600,Konstantinos Tsimikas,0.0,19.0,21,D,6.9,False,True,,,,0,,,13.0,1.0,12,,,,3.0,1.0,1.0,,,,,0,0,,,0,0,,867994
17,293,Curtis Jones,0.0,,17,M,,False,True,,,,0,,,,,,,,,,,,,,,,0,0,,,0,0,,867994
18,153066,Fabio Carvalho,0.0,19.0,28,M,7.3,False,True,2.0,1.0,1.0,0,,,9.0,,7,,,,1.0,1.0,,,,1.0,,0,0,,,0,0,,867994
19,296,James Milner,0.0,19.0,7,M,7,False,True,,,,0,,,19.0,1.0,17,1.0,,1.0,6.0,3.0,,,1.0,1.0,1.0,0,0,,,0,0,,867994
0,280,Alisson,0.0,90.0,1,G,7.5,False,False,,,,0,,1.0,40.0,,35,,,,,,,,,,,0,0,,,0,0,0.0,868012
1,283,Trent Alexander-Arnold,0.0,89.0,66,D,7.5,False,False,,,,0,,,59.0,2.0,47,1.0,,2.0,4.0,3.0,2.0,2.0,1.0,,,0,0,,,0,0,,868012
2,1145,Ibrahima Konaté,0.0,90.0,5,D,6.9,False,False,,,,0,,,64.0,,54,2.0,,1.0,10.0,6.0,2.0,1.0,,1.0,1.0,0,0,,,0,0,,868012
3,290,Virgil van Dijk,0.0,90.0,4,D,8.3,True,False,2.0,2.0,1.0,0,,,75.0,1.0,67,,1.0,1.0,5.0,3.0,,,,,,0,0,,,0,0,,868012
4,1600,Konstantinos Tsimikas,0.0,90.0,21,D,7.6,False,False,,,,0,1.0,,52.0,2.0,44,2.0,,2.0,14.0,6.0,3.0,1.0,,3.0,2.0,0,0,,,0,0,,868012
5,19035,Harvey Elliott,0.0,90.0,19,M,6.6,False,False,3.0,2.0,,0,,,60.0,1.0,48,1.0,,1.0,14.0,5.0,3.0,2.0,2.0,2.0,1.0,0,0,,,0,0,,868012
6,299,Fabinho,0.0,90.0,3,M,6.9,False,False,,,,0,,,47.0,,41,3.0,,3.0,7.0,3.0,1.0,,1.0,,2.0,1,0,,,0,0,,868012
7,310187,Stefan Bajčetić,0.0,79.0,43,M,6.2,False,False,1.0,1.0,,0,,,35.0,,26,1.0,,,13.0,6.0,,,4.0,3.0,1.0,1,0,,,0,0,,868012
8,306,Mohamed Salah,0.0,90.0,11,F,7.5,False,False,2.0,1.0,1.0,0,,,24.0,1.0,19,,,,8.0,3.0,4.0,2.0,,1.0,,0,0,,,0,0,,868012
9,2678,Diogo Jota,0.0,76.0,20,F,7.3,False,False,1.0,,,0,1.0,,28.0,2.0,23,1.0,,,12.0,4.0,1.0,,2.0,2.0,3.0,0,0,,,0,0,,868012
10,51617,Darwin Núñez,1.0,89.0,27,F,7.5,False,False,3.0,,,0,,,23.0,3.0,15,1.0,,1.0,14.0,6.0,3.0,3.0,4.0,1.0,2.0,0,0,,,0,0,,868012
11,281,Caoimhin Kelleher,0.0,,62,G,,False,True,,,,0,,,,,,,,,,,,,,,,0,0,,,0,0,,868012
12,289,Andrew Robertson,0.0,,26,D,,False,True,,,,0,,,,,,,,,,,,,,,,0,0,,,0,0,,868012
13,286,Joël Matip,0.0,,32,D,,False,True,,,,0,,,,,,,,,,,,,,,,0,0,,,0,0,,868012
14,292,Jordan Henderson,0.0,11.0,14,M,6.6,False,True,,,,0,,,11.0,,11,,,1.0,,,,,,,,0,0,,,0,0,,868012
15,297,Alex Oxlade-Chamberlain,0.0,,15,M,,False,True,,,,0,,,,,,,,,,,,,,,,0,0,,,0,0,,868012
16,296,James Milner,0.0,1.0,7,M,,False,True,,,,0,,,1.0,,1,,,,3.0,1.0,2.0,1.0,,,,0,0,,,0,0,,868012
17,153066,Fabio Carvalho,0.0,,28,M,,False,True,,,,0,,,,,,,,,,,,,,,,0,0,,,0,0,,868012
18,247,Cody Gakpo,0.0,14.0,18,F,6.3,False,True,,,,0,,,6.0,,6,,,,4.0,1.0,1.0,1.0,1.0,,1.0,0,0,,,0,0,,868012
19,302,Roberto Firmino,0.0,1.0,9,F,,False,True,,,,0,,,3.0,,2,,,,,,,,,,,0,0,,,0,0,,868012
0,280,Alisson,0.0,90.0,1,G,6.5,False,False,,,,3,,3.0,24.0,,20,,,,,,,,,,,0,0,,,0,0,0.0,868032
1,283,Trent Alexander-Arnold,0.0,90.0,66,D,6.9,False,False,3.0,1.0,,0,,,49.0,,37,2.0,,1.0,8.0,4.0,1.0,1.0,1.0,,1.0,1,0,,,0,0,,868032
2,286,Joël Matip,0.0,90.0,32,D,6.7,False,False,,,,0,,,49.0,,35,2.0,,1.0,3.0,2.0,,,,,,0,0,,,0,0,,868032
3,290,Virgil van Dijk,0.0,90.0,4,D,6.2,False,False,1.0,1.0,,0,,,63.0,,56,2.0,,2.0,5.0,5.0,,,,,,0,0,,,0,0,,868032
4,1600,Konstantinos Tsimikas,0.0,59.0,21,D,6.2,False,False,,,,0,,,42.0,1.0,37,1.0,,,5.0,2.0,1.0,,1.0,,,0,0,,,0,0,,868032
5,292,Jordan Henderson,0.0,59.0,14,M,6.9,True,False,,,,0,,,30.0,2.0,26,,,,4.0,1.0,,,1.0,1.0,,0,0,,,0,0,,868032
6,299,Fabinho,0.0,90.0,3,M,7.2,False,False,,,,0,,,58.0,,47,3.0,,3.0,7.0,6.0,,,,1.0,,0,0,,,0,0,,868032
7,507,Thiago Alcântara,0.0,89.0,6,M,7.3,False,False,,,,0,,,74.0,2.0,62,3.0,,1.0,11.0,9.0,,,,5.0,1.0,0,0,,,0,0,,868032
8,306,Mohamed Salah,0.0,90.0,11,F,6,False,False,4.0,2.0,,0,1.0,,20.0,1.0,16,,,,8.0,,3.0,,1.0,,3.0,0,0,,,0,0,,868032
9,302,Roberto Firmino,1.0,75.0,9,F,8,False,False,3.0,3.0,2.0,0,,,35.0,1.0,30,,,,11.0,3.0,3.0,2.0,,1.0,2.0,0,0,,,0,0,,868032
10,153066,Fabio Carvalho,0.0,45.0,28,F,6.7,False,False,,,,0,,,23.0,,18,,,1.0,4.0,3.0,,,,2.0,,0,0,,,0,0,,868032
11,18812,Adrián,0.0,,13,G,,False,True,,,,0,,,,,,,,,,,,,,,,0,0,,,0,0,,868032
12,284,Joe Gomez,0.0,,2,D,,False,True,,,,0,,,,,,,,,,,,,,,,0,0,,,0,0,,868032
13,127472,Nathaniel Phillips,0.0,,47,D,,False,True,,,,0,,,,,,,,,,,,,,,,0,0,,,0,0,,868032
14,150,Arthur,0.0,,29,M,,False,True,,,,0,,,,,,,,,,,,,,,,0,0,,,0,0,,868032
15,296,James Milner,0.0,31.0,7,M,6.2,False,True,,,,0,,,18.0,,13,,,,3.0,,1.0,,1.0,,1.0,0,0,,,0,0,,868032
16,19035,Harvey Elliott,0.0,31.0,19,M,6.7,False,True,1.0,,,0,,,15.0,1.0,14,,,,1.0,,,,,,,0,0,,,0,0,,868032
17,51617,Darwin Núñez,0.0,1.0,27,F,,False,True,1.0,,,0,,,2.0,,,,,,3.0,1.0,,,,,1.0,0,0,,,0,0,,868032
18,2678,Diogo Jota,0.0,15.0,20,F,6.3,False,True,,,,0,,,6.0,,4,1.0,,,4.0,1.0,,,,,,0,0,,,0,0,,868032
19,2489,Luis Díaz,0.0,45.0,23,F,7,False,True,,,,0,1.0,,22.0,1.0,17,1.0,,,8.0,5.0,1.0,,1.0,3.0,,0,0,,,0,0,,868032
0,280,Alisson,0.0,90.0,1,G,8.6,False,False,,,,0,1.0,6.0,38.0,1.0,31,,,,,,,,,,,0,0,,,0,0,0.0,868051
1,296,James Milner,0.0,90.0,7,D,7.5,True,False,1.0,,,0,,,30.0,,19,3.0,1.0,,7.0,6.0,,,1.0,,,0,0,,,0,0,,868051
2,284,Joe Gomez,0.0,90.0,2,D,7.5,False,False,,,,0,,,55.0,,45,3.0,1.0,1.0,7.0,4.0,,,,,1.0,0,0,,,0,0,,868051
3,290,Virgil van Dijk,0.0,90.0,4,D,7.3,False,False,,,,0,,,49.0,,41,2.0,1.0,1.0,3.0,2.0,,,,,1.0,0,0,,,0,0,,868051
4,289,Andrew Robertson,0.0,90.0,26,D,7.2,False,False,1.0,,,0,,,53.0,,41,,1.0,,4.0,2.0,,,1.0,1.0,,0,0,,,0,0,,868051
5,299,Fabinho,0.0,73.0,3,M,6.9,False,False,,,,0,,,26.0,,22,2.0,,2.0,8.0,5.0,1.0,1.0,2.0,1.0,1.0,1,0,,,0,0,,868051
6,507,Thiago Alcântara,0.0,90.0,6,M,7.3,False,False,,,,0,,,48.0,,39,4.0,1.0,2.0,11.0,7.0,1.0,1.0,,1.0,2.0,1,0,,,0,0,,868051
7,19035,Harvey Elliott,0.0,73.0,19,M,6.3,False,False,,,,0,,,27.0,1.0,23,,,,7.0,,2.0,,3.0,,1.0,0,0,,,0,0,,868051
8,302,Roberto Firmino,0.0,72.0,9,M,6.9,False,False,,,,0,,,33.0,2.0,21,3.0,,1.0,15.0,5.0,,,1.0,,,0,0,,,0,0,,868051
9,2678,Diogo Jota,1.0,89.0,20,M,7.3,False,False,1.0,1.0,,0,,,23.0,4.0,15,5.0,,1.0,15.0,8.0,2.0,,,2.0,1.0,1,0,,,0,0,,868051
10,306,Mohamed Salah,1.0,89.0,11,F,6.3,False,False,3.0,1.0,1.0,0,,,12.0,,10,,,1.0,7.0,,1.0,,,,1.0,0,0,,,0,0,,868051
11,281,Caoimhin Kelleher,0.0,,62,G,,False,True,,,,0,,,,,,,,,,,,,,,,0,0,,,0,0,,868051
12,310187,Stefan Bajčetić,0.0,,43,D,,False,True,,,,0,,,,,,,,,,,,,,,,0,0,,,0,0,,868051
13,283,Trent Alexander-Arnold,0.0,10.0,66,D,6.2,False,True,1.0,,,0,,,3.0,,,,,,,,,,,,,0,0,,,0,0,,868051
14,127472,Nathaniel Phillips,0.0,,47,D,,False,True,,,,0,,,,,,,,,,,,,,,,0,0,,,0,0,,868051
15,1600,Konstantinos Tsimikas,0.0,1.0,21,D,,False,True,,,,0,,,,,,,,,,,,,,,,0,0,,,0,0,,868051
16,293,Curtis Jones,0.0,,17,M,,False,True,,,,0,,,,,,,,,,,,,,,,0,0,,,0,0,,868051
17,153066,Fabio Carvalho,0.0,17.0,28,M,6.5,False,True,,,,0,,,5.0,,3,1.0,,,4.0,1.0,,,,,2.0,0,0,,,0,0,,868051
18,292,Jordan Henderson,0.0,17.0,14,M,6.6,False,True,1.0,,,0,,,4.0,1.0,2,,,2.0,1.0,,,,,,,0,0,,,0,0,,868051
19,51617,Darwin Núñez,1.0,18.0,27,F,6.6,False,True,2.0,,,0,,,1.0,1.0,1,,,,4.0,2.0,1.0,1.0,,1.0,,0,0,,,0,0,,868051
0,280,Alisson,0.0,90.0,1,G,8.3,False,False,,,,0,,3.0,33.0,,26,,,,,,,,,,,0,0,,,0,0,1.0,868064
1,283,Trent Alexander-Arnold,0.0,90.0,66,D,7.5,False,False,,,,0,,,64.0,4.0,50,,,2.0,4.0,2.0,,,2.0,,,0,0,,,0,0,,868064
2,284,Joe Gomez,0.0,90.0,2,D,6.6,False,False,,,,0,,,49.0,,41,1.0,,1.0,7.0,4.0,,,,,1.0,0,0,,1.0,0,0,,868064
3,290,Virgil van Dijk,0.0,90.0,4,D,7.2,False,False,,,,0,,,76.0,,72,,1.0,,2.0,2.0,,,,,,0,0,,,0,0,,868064
4,1600,Konstantinos Tsimikas,0.0,81.0,21,D,6.9,False,False,,,,0,1.0,,40.0,1.0,30,1.0,,,7.0,1.0,1.0,,,,1.0,0,0,,,0,0,,868064
5,306,Mohamed Salah,1.0,90.0,11,M,6.5,False,False,4.0,2.0,,0,,,30.0,1.0,27,,,,8.0,2.0,5.0,1.0,,1.0,1.0,0,0,,,0,0,,868064
6,292,Jordan Henderson,0.0,90.0,14,M,7.6,True,False,1.0,,,0,,,96.0,2.0,80,3.0,,1.0,6.0,5.0,1.0,1.0,,,,0,0,,,0,0,,868064
7,507,Thiago Alcântara,0.0,58.0,6,M,7.3,False,False,,,,0,,,73.0,2.0,67,1.0,,2.0,10.0,4.0,,,,3.0,3.0,0,0,,,0,0,,868064
8,153066,Fabio Carvalho,0.0,57.0,28,M,6.7,False,False,,,,0,,,28.0,1.0,25,2.0,,1.0,11.0,5.0,1.0,1.0,2.0,1.0,1.0,0,0,,,0,0,,868064
9,302,Roberto Firmino,0.0,81.0,9,F,7.2,False,False,4.0,2.0,,0,,,34.0,2.0,27,1.0,,,4.0,3.0,1.0,1.0,1.0,,,0,0,,,0,0,,868064
10,51617,Darwin Núñez,0.0,57.0,27,F,7.3,False,False,6.0,3.0,1.0,0,,,14.0,,12,,,,3.0,2.0,,,,1.0,,0,0,,,0,0,,868064
11,281,Caoimhin Kelleher,0.0,,62,G,,False,True,,,,0,,,,,,,,,,,,,,,,0,0,,,0,0,,868064
12,289,Andrew Robertson,0.0,9.0,26,D,6.3,False,True,,,,0,,,7.0,,7,,,1.0,1.0,,1.0,,,,,0,0,,,0,0,,868064
13,127472,Nathaniel Phillips,0.0,,47,D,,False,True,,,,0,,,,,,,,,,,,,,,,0,0,,,0,0,,868064
14,299,Fabinho,0.0,32.0,3,M,6.3,False,True,,,,0,,,21.0,,16,1.0,,,4.0,1.0,,,2.0,,1.0,0,0,,,0,0,,868064
15,293,Curtis Jones,0.0,33.0,17,M,6.9,False,True,,,,0,,,18.0,,15,3.0,,,4.0,3.0,,,1.0,,,0,0,,,0,0,,868064
16,296,James Milner,0.0,9.0,7,M,6.9,False,True,,,,0,,,7.0,2.0,7,,,,3.0,2.0,2.0,2.0,,,1.0,0,0,,,0,0,,868064
17,19035,Harvey Elliott,0.0,33.0,19,M,6.3,False,True,,,,0,,,10.0,,9,,,,3.0,1.0,,,1.0,1.0,,0,0,,,0,0,,868064
18,297,Alex Oxlade-Chamberlain,0.0,,15,M,,False,True,,,,0,,,,,,,,,,,,,,,,0,0,,,0,0,,868064
19,334729,Bobby Clark,0.0,,42,M,,False,True,,,,0,,,,,,,,,,,,,,,,0,0,,,0,0,,868064
0,280,Alisson,0.0,90.0,1,G,6.6,False,False,,,,2,,4.0,33.0,,29,,,,,,,,,,,0,0,,,0,0,0.0,868083
1,283,Trent Alexander-Arnold,0.0,79.0,66,D,7.5,False,False,,,,0,,,66.0,3.0,53,4.0,,1.0,11.0,7.0,1.0,,1.0,,,0,0,,,0,0,,868083
2,284,Joe Gomez,0.0,90.0,2,D,6.3,False,False,1.0,,,0,,,124.0,,100,2.0,1.0,,9.0,7.0,1.0,1.0,,,1.0,0,0,,,0,0,,868083
3,290,Virgil van Dijk,0.0,90.0,4,D,6.9,True,False,1.0,,,0,,,71.0,,65,1.0,,1.0,8.0,4.0,,,,,1.0,0,0,,,0,0,,868083
4,289,Andrew Robertson,0.0,90.0,26,D,7.7,False,False,1.0,1.0,,0,1.0,,85.0,4.0,73,,,,7.0,3.0,3.0,3.0,2.0,,1.0,0,0,,,0,0,,868083
5,19035,Harvey Elliott,0.0,60.0,19,M,6.3,False,False,1.0,,,0,,,31.0,,22,,,,5.0,1.0,,,1.0,1.0,1.0,0,0,,,0,0,,868083
6,299,Fabinho,0.0,61.0,3,M,7,False,False,,,,0,,,49.0,,42,2.0,1.0,3.0,8.0,4.0,1.0,,,,2.0,0,0,,,0,0,,868083
7,507,Thiago Alcântara,0.0,90.0,6,M,8,False,False,,,,0,,,78.0,2.0,64,7.0,,1.0,16.0,12.0,3.0,3.0,,1.0,2.0,0,0,,,0,0,,868083
8,302,Roberto Firmino,0.0,90.0,9,M,7.2,False,False,3.0,3.0,,0,,,26.0,4.0,20,,,2.0,8.0,2.0,3.0,2.0,,,,0,0,,,0,0,,868083
9,51617,Darwin Núñez,0.0,90.0,27,F,6.9,False,False,4.0,2.0,,0,,,28.0,4.0,21,,,,6.0,1.0,2.0,,,,1.0,0,0,,,0,0,,868083
10,306,Mohamed Salah,0.0,90.0,11,F,7.3,False,False,5.0,3.0,1.0,0,,,31.0,1.0,21,,,,9.0,3.0,5.0,2.0,,1.0,,0,0,,,0,0,,868083
11,281,Caoimhin Kelleher,0.0,,62,G,,False,True,,,,0,,,,,,,,,,,,,,,,0,0,,,0,0,,868083
12,1600,Konstantinos Tsimikas,0.0,,21,D,,False,True,,,,0,,,,,,,,,,,,,,,,0,0,,,0,0,,868083
13,127472,Nathaniel Phillips,0.0,,47,D,,False,True,,,,0,,,,,,,,,,,,,,,,0,0,,,0,0,,868083
14,1145,Ibrahima Konaté,0.0,,5,D,,False,True,,,,0,,,,,,,,,,,,,,,,0,0,,,0,0,,868083
15,293,Curtis Jones,0.0,30.0,17,M,6.6,False,True,,,,0,,,17.0,1.0,11,1.0,,,4.0,2.0,1.0,1.0,,,,0,0,,,0,0,,868083
16,296,James Milner,0.0,11.0,7,M,6,False,True,,,,0,,,9.0,,7,,,,3.0,,1.0,,,,,0,0,,,0,0,,868083
17,292,Jordan Henderson,0.0,29.0,14,M,6.9,False,True,2.0,1.0,,0,,,31.0,,26,,,1.0,1.0,1.0,,,,,,0,0,,,0,0,,868083
18,297,Alex Oxlade-Chamberlain,0.0,,15,M,,False,True,,,,0,,,,,,,,,,,,,,,,0,0,,,0,0,,868083
19,153066,Fabio Carvalho,0.0,,28,M,,False,True,,,,0,,,,,,,,,,,,,,,,0,0,,,0,0,,868083
0,280,Alisson,0.0,90.0,1,G,7.2,False,False,,,,1,,4.0,36.0,,32,,,,,,,,,,,0,0,,,0,0,0.0,868099
1,283,Trent Alexander-Arnold,0.0,87.0,66,D,7.3,False,False,1.0,,,0,,,71.0,2.0,60,1.0,1.0,2.0,3.0,2.0,1.0,,,,,0,0,,,0,0,,868099
2,284,Joe Gomez,0.0,90.0,2,D,6.9,False,False,,,,0,,,75.0,,67,1.0,,1.0,7.0,5.0,,,1.0,,,0,0,,,0,0,,868099
3,290,Virgil van Dijk,0.0,90.0,4,D,7,True,False,2.0,,,0,,,81.0,,73,1.0,,1.0,4.0,4.0,,,,,,0,0,,,0,0,,868099
4,289,Andrew Robertson,0.0,86.0,26,D,7.7,False,False,,,,0,2.0,,64.0,6.0,50,,,,5.0,,2.0,,,,1.0,0,0,,,0,0,,868099
5,19035,Harvey Elliott,0.0,68.0,19,M,7.5,False,False,,,,0,1.0,,49.0,1.0,41,1.0,,1.0,8.0,3.0,,,2.0,2.0,1.0,0,0,,,0,0,,868099
6,299,Fabinho,0.0,90.0,3,M,7.3,False,False,1.0,,,0,,,71.0,,65,4.0,,,8.0,7.0,,,1.0,2.0,,0,0,,,0,0,,868099
7,507,Thiago Alcântara,0.0,90.0,6,M,7,False,False,,,,0,,,99.0,,92,1.0,,,7.0,3.0,1.0,1.0,,,,0,0,,,0,0,,868099
8,306,Mohamed Salah,0.0,90.0,11,F,6,False,False,3.0,2.0,,0,,,25.0,,14,1.0,,,9.0,4.0,3.0,2.0,,1.0,1.0,0,0,,,0,0,,868099
9,302,Roberto Firmino,0.0,75.0,9,F,7,False,False,3.0,2.0,1.0,0,,,44.0,,40,,,,8.0,1.0,1.0,1.0,1.0,,1.0,0,0,,,0,0,,868099
10,51617,Darwin Núñez,0.0,87.0,27,F,8.7,False,False,3.0,3.0,2.0,0,,,25.0,2.0,18,1.0,,,6.0,3.0,2.0,1.0,,,1.0,0,0,,,0,0,,868099
11,281,Caoimhin Kelleher,0.0,,62,G,,False,True,,,,0,,,,,,,,,,,,,,,,0,0,,,0,0,,868099
12,18812,Adrián,0.0,,13,G,,False,True,,,,0,,,,,,,,,,,,,,,,0,0,,,0,0,,868099
13,310187,Stefan Bajčetić,0.0,,43,D,,False,True,,,,0,,,,,,,,,,,,,,,,0,0,,,0,0,,868099
14,127472,Nathaniel Phillips,0.0,8.0,47,D,6.7,False,True,,,,0,,,3.0,,3,,,,,,,,,,,0,0,,,0,0,,868099
15,1600,Konstantinos Tsimikas,0.0,9.0,21,D,6.9,False,True,,,,0,,,3.0,2.0,3,,,,,,,,,,,0,0,,,0,0,,868099
16,343576,Ben Doak,0.0,,50,F,,False,True,,,,0,,,,,,,,,,,,,,,,0,0,,,0,0,,868099
17,297,Alex Oxlade-Chamberlain,0.0,15.0,15,M,6.3,False,True,,,,0,,,5.0,1.0,5,,,,3.0,1.0,,,,1.0,1.0,0,0,,,0,0,,868099
18,153066,Fabio Carvalho,0.0,8.0,28,M,6.6,False,True,,,,0,,,5.0,,4,,,1.0,,,,,,,,0,0,,,0,0,,868099
19,296,James Milner,0.0,22.0,7,M,6.9,False,True,,,,0,,,14.0,,11,1.0,,1.0,9.0,5.0,2.0,2.0,,2.0,2.0,0,0,,,0,0,,868099
0,280,Alisson,0.0,90.0,1,G,6.7,False,False,,,,1,,1.0,38.0,,33,,,,,,,,,,,0,0,,,0,0,0.0,868119
1,283,Trent Alexander-Arnold,0.0,86.0,66,D,7.9,False,False,1.0,,,0,,,51.0,2.0,37,4.0,,4.0,7.0,6.0,1.0,1.0,,1.0,,0,0,,,0,0,,868119
2,286,Joël Matip,0.0,90.0,32,D,6.3,False,False,,,,0,,,66.0,,57,,,2.0,6.0,1.0,,,1.0,,2.0,0,0,,,0,0,,868119
3,290,Virgil van Dijk,0.0,90.0,4,D,7,False,False,1.0,,,0,,,77.0,1.0,69,,,,4.0,4.0,,,,,,0,0,,,0,0,,868119
4,289,Andrew Robertson,0.0,62.0,26,D,6.9,False,False,,,,0,,,44.0,2.0,41,,,1.0,1.0,,,,,,1.0,0,0,,,0,0,,868119
5,19035,Harvey Elliott,0.0,86.0,19,M,6.9,False,False,,,,0,,,51.0,1.0,40,3.0,,,11.0,6.0,2.0,,,3.0,2.0,0,0,,,0,0,,868119
6,292,Jordan Henderson,0.0,90.0,14,M,6.9,True,False,2.0,1.0,,0,,,87.0,,73,2.0,,,5.0,2.0,,,3.0,,,0,0,,,0,0,,868119
7,507,Thiago Alcântara,0.0,90.0,6,M,8.3,False,False,,,,0,,,93.0,2.0,81,4.0,1.0,3.0,18.0,13.0,4.0,3.0,1.0,6.0,1.0,0,0,,,0,0,,868119
8,306,Mohamed Salah,1.0,90.0,11,F,7,False,False,4.0,2.0,,0,,,13.0,1.0,10,2.0,,1.0,9.0,5.0,2.0,1.0,1.0,2.0,,0,0,,,0,0,,868119
9,51617,Darwin Núñez,0.0,90.0,27,F,7.3,False,False,5.0,2.0,,0,,,14.0,2.0,9,1.0,,,10.0,5.0,,,,3.0,1.0,0,0,,,0,0,,868119
10,297,Alex Oxlade-Chamberlain,1.0,62.0,15,F,7,False,False,1.0,,,0,,,15.0,1.0,13,1.0,1.0,,8.0,3.0,4.0,2.0,,,,0,0,,,0,0,,868119
11,18812,Adrián,0.0,,13,G,,False,True,,,,0,,,,,,,,,,,,,,,,0,0,,,0,0,,868119
12,1600,Konstantinos Tsimikas,0.0,28.0,21,D,6.9,False,True,,,,0,,,16.0,1.0,16,1.0,,,1.0,1.0,,,,,,0,0,,,0,0,,868119
13,310187,Stefan Bajčetić,0.0,9.0,43,D,6.7,False,True,,,,0,,,2.0,,1,,,,2.0,1.0,,,,,,0,0,,,0,0,,868119
14,284,Joe Gomez,0.0,9.0,2,D,6.3,False,True,,,,0,,,4.0,,3,,,,1.0,,,,,,1.0,0,0,,,0,0,,868119
15,1145,Ibrahima Konaté,0.0,,5,D,,False,True,,,,0,,,,,,,,,,,,,,,,0,0,,,0,0,,868119
16,153066,Fabio Carvalho,0.0,,28,M,,False,True,,,,0,,,,,,,,,,,,,,,,0,0,,,0,0,,868119
17,334729,Bobby Clark,0.0,,42,M,,False,True,,,,0,,,,,,,,,,,,,,,,0,0,,,0,0,,868119
18,294,Naby Keïta,0.0,28.0,8,M,6.7,False,True,1.0,,,0,,,17.0,2.0,13,,,,1.0,,,,1.0,,,0,0,,,0,0,,868119
19,343576,Ben Doak,0.0,,50,F,,False,True,,,,0,,,,,,,,,,,,,,,,0,0,,,0,0,,868119
0,280,Alisson,0.0,90.0,1,G,7.3,False,False,,,,0,,2.0,44.0,,40,,,,,,,,,,,0,0,,,0,0,0.0,868152
1,296,James Milner,0.0,72.0,7,D,6.5,True,False,1.0,,,0,,,41.0,,31,,,1.0,6.0,1.0,4.0,1.0,1.0,,1.0,1,0,,,0,0,,868152
2,1145,Ibrahima Konaté,0.0,90.0,5,D,7.5,False,False,,,,0,,,56.0,,45,3.0,,4.0,13.0,6.0,1.0,1.0,1.0,1.0,3.0,0,0,,,0,0,,868152
3,284,Joe Gomez,0.0,90.0,2,D,7.3,False,False,,,,0,,,53.0,,46,1.0,2.0,4.0,4.0,1.0,,,,,2.0,0,0,,,0,0,,868152
4,289,Andrew Robertson,1.0,90.0,26,D,7.3,False,False,,,,0,,,47.0,,37,3.0,,,9.0,6.0,2.0,1.0,,1.0,2.0,0,0,,,0,0,,868152
5,294,Naby Keïta,0.0,63.0,8,M,6.6,False,False,,,,0,,,27.0,1.0,17,1.0,,,7.0,3.0,1.0,1.0,,1.0,1.0,0,0,,,0,0,,868152
6,310187,Stefan Bajčetić,0.0,82.0,43,M,6.9,False,False,,,,0,,,28.0,2.0,22,,,2.0,9.0,3.0,1.0,,1.0,1.0,2.0,1,0,,,0,0,,868152
7,507,Thiago Alcântara,0.0,90.0,6,M,7.7,False,False,1.0,1.0,,0,,,63.0,1.0,50,5.0,1.0,,18.0,11.0,3.0,2.0,,3.0,2.0,0,0,,,0,0,,868152
8,306,Mohamed Salah,1.0,90.0,11,F,6.9,False,False,1.0,,,0,,,32.0,1.0,26,2.0,,,8.0,4.0,4.0,2.0,,,,0,0,,,0,0,,868152
9,247,Cody Gakpo,2.0,82.0,18,F,6.9,False,False,4.0,1.0,,0,,,13.0,,10,1.0,,,13.0,4.0,1.0,,,,2.0,0,0,,,0,0,,868152
10,19035,Harvey Elliott,0.0,82.0,19,F,6.9,False,False,,,,0,,,32.0,,24,,,2.0,3.0,2.0,1.0,1.0,,1.0,,0,0,,,0,0,,868152
11,281,Caoimhin Kelleher,0.0,,62,G,,False,True,,,,0,,,,,,,,,,,,,,,,0,0,,,0,0,,868152
12,1600,Konstantinos Tsimikas,0.0,,21,D,,False,True,,,,0,,,,,,,,,,,,,,,,0,0,,,0,0,,868152
13,283,Trent Alexander-Arnold,0.0,18.0,66,D,6.3,False,True,1.0,,,0,,,19.0,,10,,,,2.0,1.0,,,,,,0,0,,,0,0,,868152
14,286,Joël Matip,0.0,,32,D,,False,True,,,,0,,,,,,,,,,,,,,,,0,0,,,0,0,,868152
15,293,Curtis Jones,0.0,8.0,17,M,6.3,False,True,,,,0,,,3.0,,3,,,,2.0,,1.0,,,,1.0,1,0,,,0,0,,868152
16,292,Jordan Henderson,0.0,8.0,14,M,6.7,False,True,,,,0,,,9.0,1.0,7,,,,,,,,,,,0,0,,,0,0,,868152
17,299,Fabinho,0.0,8.0,3,M,6.2,False,True,,,,0,,,4.0,,3,,,2.0,5.0,1.0,,,1.0,,,0,0,,,0,0,,868152
18,297,Alex Oxlade-Chamberlain,0.0,,15,M,,False,True,,,,0,,,,,,,,,,,,,,,,0,0,,,0,0,,868152
19,51617,Darwin Núñez,1.0,27.0,27,F,6.9,False,True,1.0,1.0,,0,,,6.0,1.0,4,2.0,,,8.0,5.0,1.0,,1.0,1.0,,0,0,,,0,0,,868152
0,280,Alisson,0.0,90.0,1,G,7.2,False,False,,,,0,,1.0,27.0,,26,,,,2.0,2.0,,,,2.0,,0,0,,,0,0,0.0,868172
1,283,Trent Alexander-Arnold,1.0,90.0,66,D,7.6,False,False,,,,0,,,79.0,1.0,65,5.0,,1.0,10.0,7.0,1.0,1.0,1.0,,1.0,0,0,,,0,0,,868172
2,286,Joël Matip,0.0,90.0,32,D,7,False,False,,,,0,,,82.0,,75,1.0,,1.0,3.0,2.0,,,,,,0,0,,,0,0,,868172
3,284,Joe Gomez,0.0,90.0,2,D,7.5,False,False,1.0,,,0,,,100.0,,91,2.0,1.0,1.0,10.0,5.0,,,,,,0,0,,,0,0,,868172
4,289,Andrew Robertson,2.0,90.0,26,D,7.3,False,False,,,,0,,,60.0,1.0,50,,,1.0,4.0,3.0,2.0,2.0,,1.0,2.0,1,0,,,0,0,,868172
5,292,Jordan Henderson,0.0,80.0,14,M,6.9,True,False,,,,0,,,56.0,,49,1.0,,,3.0,3.0,,,,2.0,,0,0,,,0,0,,868172
6,299,Fabinho,0.0,90.0,3,M,6.6,False,False,,,,0,,,57.0,1.0,51,1.0,,,8.0,3.0,,,,1.0,2.0,0,0,,,0,0,,868172
7,310187,Stefan Bajčetić,0.0,89.0,43,M,6.9,False,False,1.0,1.0,,0,,,35.0,2.0,27,2.0,,2.0,13.0,6.0,2.0,1.0,5.0,1.0,,0,0,,,0,0,,868172
8,306,Mohamed Salah,1.0,89.0,11,F,7.7,False,False,3.0,3.0,1.0,0,,,34.0,1.0,30,1.0,,,15.0,8.0,7.0,3.0,,4.0,,0,0,,,0,0,,868172
9,247,Cody Gakpo,0.0,80.0,18,F,7.2,False,False,2.0,1.0,1.0,0,,,14.0,2.0,11,2.0,,,12.0,7.0,2.0,1.0,2.0,4.0,1.0,0,0,,,0,0,,868172
10,51617,Darwin Núñez,0.0,70.0,27,F,7.9,False,False,3.0,1.0,,0,1.0,,18.0,2.0,14,,,,11.0,6.0,5.0,3.0,,1.0,1.0,0,0,,,0,0,,868172
11,281,Caoimhin Kelleher,0.0,,62,G,,False,True,,,,0,,,,,,,,,,,,,,,,0,0,,,0,0,,868172
12,127472,Nathaniel Phillips,0.0,,47,D,,False,True,,,,0,,,,,,,,,,,,,,,,0,0,,,0,0,,868172
13,1600,Konstantinos Tsimikas,0.0,,21,D,,False,True,,,,0,,,,,,,,,,,,,,,,0,0,,,0,0,,868172
14,290,Virgil van Dijk,0.0,,4,D,,False,True,,,,0,,,,,,,,,,,,,,,,0,0,,,0,0,,868172
15,296,James Milner,0.0,10.0,7,M,7,False,True,,,,0,,,6.0,,3,3.0,,,4.0,4.0,,,,,,0,0,,,0,0,,868172
16,294,Naby Keïta,0.0,1.0,8,M,,False,True,,,,0,,,3.0,,2,2.0,,,3.0,3.0,,,,,,0,0,,,0,0,,868172
17,19035,Harvey Elliott,0.0,1.0,19,M,,False,True,,,,0,,,3.0,,2,1.0,,1.0,2.0,1.0,1.0,,,,,0,0,,,0,0,,868172
18,302,Roberto Firmino,0.0,10.0,9,F,6.7,False,True,,,,0,,,4.0,1.0,4,,,,,,,,,,,0,0,,,0,0,,868172
19,2678,Diogo Jota,0.0,20.0,20,F,6.3,False,True,,,,0,,,7.0,,5,,,,5.0,,1.0,,3.0,,1.0,0,0,,,0,0,,868172
0,280,Alisson,0.0,90.0,1,G,7.6,False,False,,,,0,,4.0,44.0,,33,,,,1.0,,,,1.0,,,0,0,,,0,0,0.0,868201
1,283,Trent Alexander-Arnold,0.0,90.0,66,D,7.9,False,False,,,,0,,,58.0,2.0,44,4.0,,1.0,8.0,6.0,1.0,1.0,,,1.0,0,0,,,0,0,,868201
2,1145,Ibrahima Konaté,0.0,90.0,5,D,6.7,False,False,1.0,,,0,,,49.0,,43,,1.0,,6.0,2.0,1.0,1.0,1.0,1.0,1.0,0,0,,,0,0,,868201
3,290,Virgil van Dijk,0.0,90.0,4,D,6.9,False,False,,,,0,,,47.0,,41,1.0,,,5.0,2.0,,,1.0,,1.0,0,0,,,0,0,,868201
4,289,Andrew Robertson,0.0,90.0,26,D,8.2,False,False,1.0,,,0,1.0,,44.0,3.0,31,4.0,,1.0,11.0,7.0,2.0,1.0,1.0,1.0,1.0,0,0,,,0,0,,868201
5,19035,Harvey Elliott,0.0,85.0,19,M,7.9,False,False,2.0,1.0,,0,1.0,,55.0,1.0,45,4.0,,1.0,9.0,6.0,1.0,1.0,1.0,,1.0,0,0,,,0,0,,868201
6,299,Fabinho,0.0,79.0,3,M,6.9,False,False,,,,0,,,39.0,1.0,33,,,3.0,1.0,,,,,,1.0,1,0,,,0,0,,868201
7,292,Jordan Henderson,0.0,78.0,14,M,7.2,True,False,,,,0,1.0,,40.0,1.0,35,2.0,,1.0,5.0,3.0,,,,,2.0,0,0,,,0,0,,868201
8,306,Mohamed Salah,0.0,90.0,11,F,10,False,False,3.0,2.0,2.0,0,2.0,,33.0,3.0,23,1.0,,,13.0,8.0,3.0,1.0,1.0,6.0,,1,0,,,0,0,,868201
9,247,Cody Gakpo,0.0,79.0,18,F,8.3,False,False,2.0,2.0,2.0,0,,,24.0,1.0,15,1.0,,,20.0,8.0,4.0,1.0,3.0,3.0,2.0,0,0,,,0,0,,868201
10,51617,Darwin Núñez,0.0,78.0,27,F,7.9,False,False,3.0,2.0,2.0,0,,,19.0,,7,,,,8.0,2.0,2.0,1.0,,1.0,1.0,0,0,,,0,0,,868201
11,281,Caoimhin Kelleher,0.0,,62,G,,False,True,,,,0,,,,,,,,,,,,,,,,0,0,,,0,0,,868201
12,1600,Konstantinos Tsimikas,0.0,,21,D,,False,True,,,,0,,,,,,,,,,,,,,,,0,0,,,0,0,,868201
13,286,Joël Matip,0.0,,32,D,,False,True,,,,0,,,,,,,,,,,,,,,,0,0,,,0,0,,868201
14,310187,Stefan Bajčetić,0.0,12.0,43,D,6.9,False,True,,,,0,,,5.0,,5,,,2.0,2.0,2.0,2.0,2.0,,,,0,0,,,0,0,,868201
15,293,Curtis Jones,0.0,9.0,17,M,6.7,False,True,,,,0,,,3.0,,3,,,,1.0,1.0,,,,,,0,0,,,0,0,,868201
16,153066,Fabio Carvalho,0.0,,28,M,,False,True,,,,0,,,,,,,,,,,,,,,,0,0,,,0,0,,868201
17,296,James Milner,0.0,11.0,7,M,6.3,False,True,,,,0,,,5.0,,5,,,,2.0,1.0,,,,1.0,1.0,0,0,,,0,0,,868201
18,302,Roberto Firmino,0.0,11.0,9,F,8.3,False,True,1.0,1.0,1.0,0,1.0,,,1.0,,,,,3.0,,,,,,1.0,0,0,,,0,0,,868201
19,2678,Diogo Jota,0.0,12.0,20,F,6.2,False,True,,,,0,,,3.0,,2,,,,2.0,,1.0,,1.0,,,0,0,,,0,0,,868201
0,280,Alisson,0.0,90.0,1,G,7.9,False,False,,,,0,,3.0,37.0,,35,,,,,,,,,,,0,0,,,0,0,0.0,868221
1,283,Trent Alexander-Arnold,0.0,90.0,66,D,8.3,False,False,2.0,1.0,,0,,,93.0,1.0,74,3.0,1.0,2.0,8.0,5.0,4.0,2.0,1.0,,,0,0,,,0,0,,868221
2,1145,Ibrahima Konaté,0.0,90.0,5,D,7.3,False,False,,,,0,,,62.0,,57,,,1.0,6.0,5.0,,,,1.0,,0,0,,,0,0,,868221
3,290,Virgil van Dijk,0.0,90.0,4,D,7.3,False,False,,,,0,,,67.0,,62,3.0,1.0,,9.0,7.0,,,,,1.0,0,0,,,0,0,,868221
4,1600,Konstantinos Tsimikas,0.0,66.0,21,D,6.6,False,False,,,,0,,,33.0,,27,,,2.0,1.0,,,,,,1.0,0,0,,,0,0,,868221
5,292,Jordan Henderson,0.0,90.0,14,M,7.3,True,False,3.0,,,0,,,71.0,1.0,63,1.0,,,9.0,4.0,,,3.0,2.0,1.0,0,0,,,0,0,,868221
6,299,Fabinho,0.0,90.0,3,M,6.9,False,False,,,,0,,,81.0,1.0,74,2.0,,,6.0,2.0,,,1.0,,2.0,0,0,,,0,0,,868221
7,293,Curtis Jones,1.0,84.0,17,M,6.9,False,False,,,,0,,,45.0,1.0,42,3.0,1.0,,11.0,5.0,2.0,,1.0,2.0,1.0,0,0,,,0,0,,868221
8,306,Mohamed Salah,0.0,84.0,11,F,7.9,False,False,3.0,1.0,1.0,0,,,54.0,2.0,39,1.0,,,8.0,6.0,5.0,5.0,1.0,,,0,0,,,1,0,,868221
9,51617,Darwin Núñez,0.0,83.0,27,F,6.9,False,False,1.0,,,0,,,17.0,2.0,9,,,,9.0,2.0,2.0,,,1.0,2.0,0,0,1.0,,0,0,,868221
10,2489,Luis Díaz,0.0,66.0,23,F,6.9,False,False,1.0,,,0,,,19.0,2.0,15,,,1.0,13.0,5.0,6.0,4.0,1.0,,1.0,0,0,,,0,0,,868221
11,289,Andrew Robertson,0.0,24.0,26,D,6.7,False,True,,,,0,,,16.0,,12,,,,2.0,1.0,,,,,1.0,0,0,,,0,0,,868221
12,247,Cody Gakpo,1.0,24.0,18,F,7.2,False,True,2.0,1.0,,0,,,5.0,1.0,4,,,,3.0,3.0,2.0,2.0,,1.0,,0,0,,,0,0,,868221
13,2678,Diogo Jota,0.0,12.0,20,F,6.7,False,True,,,,0,,,3.0,,1,,,,1.0,1.0,,,,,,0,0,,,0,0,,868221
14,296,James Milner,0.0,11.0,7,M,6.3,False,True,,,,0,,,1.0,,1,,,,,,,,,,,0,0,,,0,0,,868221
15,19035,Harvey Elliott,1.0,11.0,19,M,6.6,False,True,,,,0,,,9.0,1.0,7,1.0,,,3.0,2.0,,,1.0,,,0,0,,,0,0,,868221
16,281,Caoimhin Kelleher,0.0,,62,G,,False,True,,,,0,,,,,,,,,,,,,,,,0,0,,,0,0,,868221
17,284,Joe Gomez,0.0,,2,D,,False,True,,,,0,,,,,,,,,,,,,,,,0,0,,,0,0,,868221
18,286,Joël Matip,0.0,,32,D,,False,True,,,,0,,,,,,,,,,,,,,,,0,0,,,0,0,,868221
19,153066,Fabio Carvalho,0.0,,28,M,,False,True,,,,0,,,,,,,,,,,,,,,,0,0,,,0,0,,868221
0,280,Alisson,0.0,90.0,1,G,6.9,False,False,,,,2,,3.0,57.0,,49,,,,2.0,2.0,,,,,,0,0,,,0,0,0.0,868241
1,283,Trent Alexander-Arnold,0.0,90.0,66,D,7.3,False,False,1.0,,,0,1.0,,51.0,4.0,41,4.0,,1.0,12.0,7.0,1.0,1.0,4.0,1.0,1.0,1,0,,,0,0,,868241
2,1145,Ibrahima Konaté,0.0,90.0,5,D,7.2,False,False,1.0,1.0,,0,,,57.0,,47,5.0,1.0,3.0,10.0,8.0,,,1.0,,1.0,0,0,,,0,0,,868241
3,290,Virgil van Dijk,0.0,90.0,4,D,6.2,False,False,,,,0,,,64.0,,52,1.0,,2.0,9.0,3.0,,,2.0,,1.0,1,0,,,0,0,,868241
4,289,Andrew Robertson,0.0,90.0,26,D,6.5,False,False,1.0,,,0,,,45.0,1.0,36,2.0,,1.0,9.0,3.0,1.0,,1.0,1.0,3.0,1,0,,,0,0,,868241
5,292,Jordan Henderson,1.0,90.0,14,M,7.6,True,False,2.0,,,0,,,52.0,2.0,46,2.0,,2.0,3.0,2.0,,,1.0,,1.0,0,0,,,0,0,,868241
6,299,Fabinho,0.0,78.0,3,M,6.9,False,False,,,,0,,,38.0,1.0,31,1.0,1.0,1.0,6.0,2.0,1.0,1.0,1.0,,1.0,1,0,,,0,0,,868241
7,293,Curtis Jones,0.0,60.0,17,M,6.3,False,False,,,,0,,,30.0,1.0,26,1.0,,,8.0,3.0,2.0,1.0,,1.0,,0,0,,,0,0,,868241
8,306,Mohamed Salah,0.0,90.0,11,F,6.2,False,False,8.0,3.0,1.0,0,,,37.0,2.0,30,1.0,,,14.0,4.0,5.0,,3.0,2.0,1.0,0,0,,,0,1,,868241
9,247,Cody Gakpo,0.0,90.0,18,F,7.3,False,False,1.0,,,0,,,32.0,3.0,26,2.0,,,11.0,6.0,,,,1.0,,0,0,,,0,0,,868241
10,2678,Diogo Jota,0.0,60.0,20,F,6.9,False,False,,,,0,,,17.0,1.0,12,,,,10.0,4.0,,,1.0,2.0,1.0,0,0,1.0,,0,0,,868241
11,281,Caoimhin Kelleher,0.0,,62,G,,False,True,,,,0,,,,,,,,,,,,,,,,0,0,,,0,0,,868241
12,284,Joe Gomez,0.0,,2,D,,False,True,,,,0,,,,,,,,,,,,,,,,0,0,,,0,0,,868241
13,1600,Konstantinos Tsimikas,0.0,,21,D,,False,True,,,,0,,,,,,,,,,,,,,,,0,0,,,0,0,,868241
14,286,Joël Matip,0.0,,32,D,,False,True,,,,0,,,,,,,,,,,,,,,,0,0,,,0,0,,868241
15,19035,Harvey Elliott,0.0,,19,M,,False,True,,,,0,,,,,,,,,,,,,,,,0,0,,,0,0,,868241
16,507,Thiago Alcântara,0.0,30.0,6,M,6.6,False,True,,,,0,,,26.0,,23,2.0,,1.0,5.0,2.0,,,2.0,,,0,0,,,0,0,,868241
17,296,James Milner,0.0,,7,M,,False,True,,,,0,,,,,,,,,,,,,,,,0,0,,,0,0,,868241
18,51617,Darwin Núñez,0.0,30.0,27,F,6.7,False,True,1.0,1.0,,0,,,9.0,1.0,6,,,,5.0,2.0,2.0,1.0,,1.0,1.0,0,0,,,0,0,,868241
19,302,Roberto Firmino,1.0,12.0,9,F,7.2,False,True,1.0,1.0,1.0,0,,,10.0,,7,1.0,,,7.0,2.0,,,1.0,1.0,,0,0,,,0,0,,868241
0,280,Alisson,0.0,90.0,1,G,6.7,False,False,,,,2,,3.0,29.0,,23,,,,2.0,2.0,,,,1.0,,0,0,,,0,0,0.0,868263
1,283,Trent Alexander-Arnold,0.0,90.0,66,D,7.7,False,False,,,,0,1.0,,61.0,4.0,45,1.0,,1.0,8.0,2.0,2.0,,1.0,1.0,1.0,0,0,,,0,0,,868263
2,1145,Ibrahima Konaté,0.0,90.0,5,D,7.3,False,False,,,,0,,,94.0,1.0,82,2.0,,2.0,17.0,11.0,2.0,2.0,,,3.0,0,0,,,0,0,,868263
3,290,Virgil van Dijk,0.0,90.0,4,D,6.9,False,False,1.0,1.0,,0,,,93.0,1.0,90,,,1.0,7.0,4.0,,,,,,0,0,,,0,0,,868263
4,289,Andrew Robertson,0.0,90.0,26,D,7.3,False,False,,,,0,1.0,,97.0,5.0,85,2.0,,,8.0,5.0,3.0,1.0,1.0,,,0,0,,,0,0,,868263
5,292,Jordan Henderson,1.0,90.0,14,M,7.2,True,False,1.0,,,0,,,54.0,1.0,48,3.0,,,5.0,4.0,2.0,1.0,,,,0,0,,,0,0,,868263
6,299,Fabinho,0.0,60.0,3,M,7.5,False,False,1.0,,,0,1.0,,37.0,1.0,34,2.0,,,7.0,5.0,,,,2.0,,0,0,,,0,0,,868263
7,293,Curtis Jones,0.0,81.0,17,M,6.9,False,False,,,,0,,,38.0,,36,3.0,,,7.0,6.0,,,,2.0,,0,0,,,0,0,,868263
8,306,Mohamed Salah,1.0,90.0,11,F,7.7,False,False,2.0,1.0,1.0,0,,,49.0,2.0,42,,,,6.0,3.0,2.0,1.0,,2.0,1.0,0,0,,,0,0,,868263
9,247,Cody Gakpo,0.0,60.0,18,F,6.9,False,False,3.0,1.0,,0,,,21.0,,17,,,,3.0,2.0,1.0,1.0,1.0,,1.0,0,0,,,0,0,,868263
10,2678,Diogo Jota,0.0,81.0,20,F,7.7,False,False,4.0,3.0,2.0,0,,,27.0,,25,1.0,,,10.0,3.0,1.0,,,1.0,2.0,0,0,,,0,0,,868263
11,507,Thiago Alcântara,0.0,30.0,6,M,6.3,False,True,,,,0,,,32.0,,28,,,1.0,1.0,,,,,,,0,0,,,0,0,,868263
12,51617,Darwin Núñez,0.0,30.0,27,F,6.2,False,True,1.0,,,0,,,7.0,,5,,,,7.0,3.0,1.0,1.0,,1.0,1.0,0,0,,,0,0,,868263
13,296,James Milner,0.0,9.0,7,M,6.3,False,True,,,,0,,,6.0,,5,,,,1.0,,,,,,,0,0,,,0,0,,868263
14,2489,Luis Díaz,0.0,9.0,23,F,6.7,False,True,,,,0,,,5.0,,5,,,,4.0,3.0,2.0,1.0,,2.0,,0,0,,,0,0,,868263
15,281,Caoimhin Kelleher,0.0,,62,G,,False,True,,,,0,,,,,,,,,,,,,,,,0,0,,,0,0,,868263
16,286,Joël Matip,0.0,,32,D,,False,True,,,,0,,,,,,,,,,,,,,,,0,0,,,0,0,,868263
17,284,Joe Gomez,0.0,,2,D,,False,True,,,,0,,,,,,,,,,,,,,,,0,0,,,0,0,,868263
18,1600,Konstantinos Tsimikas,0.0,,21,D,,False,True,,,,0,,,,,,,,,,,,,,,,0,0,,,0,0,,868263
19,19035,Harvey Elliott,0.0,,19,M,,False,True,,,,0,,,,,,,,,,,,,,,,0,0,,,0,0,,868263
0,280,Alisson,0.0,90.0,1,G,6.2,False,False,,,,3,,3.0,43.0,,32,,,,1.0,1.0,,,,,,0,0,,,0,0,0.0,868283
1,283,Trent Alexander-Arnold,0.0,90.0,66,D,6.6,False,False,,,,0,1.0,,85.0,2.0,71,,,,3.0,1.0,1.0,,1.0,,,0,0,,,0,0,,868283
2,1145,Ibrahima Konaté,0.0,90.0,5,D,6.9,False,False,,,,0,,,68.0,,59,4.0,,1.0,13.0,11.0,,,,,2.0,1,0,,,0,0,,868283
3,290,Virgil van Dijk,0.0,90.0,4,D,7.2,True,False,1.0,,,0,,,106.0,,99,,1.0,,6.0,5.0,,,1.0,,,0,0,,,0,0,,868283
4,289,Andrew Robertson,0.0,90.0,26,D,6.5,False,False,,,,0,,,107.0,2.0,95,2.0,,,5.0,3.0,3.0,1.0,,,,0,0,,,0,0,,868283
5,19035,Harvey Elliott,0.0,63.0,19,M,6.5,False,False,1.0,,,0,,,39.0,1.0,35,,,,8.0,2.0,1.0,,1.0,1.0,1.0,0,0,,,0,0,,868283
6,299,Fabinho,0.0,90.0,3,M,6.7,False,False,,,,0,,,78.0,1.0,75,1.0,,,5.0,3.0,,,1.0,,1.0,0,0,,,0,0,,868283
7,293,Curtis Jones,0.0,86.0,17,M,7.2,False,False,1.0,1.0,1.0,0,,,64.0,1.0,59,1.0,,,4.0,2.0,,,,1.0,1.0,0,0,,,0,0,,868283
8,306,Mohamed Salah,0.0,90.0,11,F,7.3,False,False,2.0,1.0,1.0,0,,,39.0,,36,2.0,,,21.0,8.0,8.0,3.0,1.0,3.0,3.0,0,0,,,1,0,,868283
9,247,Cody Gakpo,0.0,73.0,18,F,7.3,False,False,,,,0,1.0,,22.0,1.0,19,2.0,,,9.0,4.0,4.0,1.0,,1.0,1.0,0,0,1.0,,0,0,,868283
10,2489,Luis Díaz,0.0,63.0,23,F,7.5,False,False,1.0,1.0,1.0,0,,,36.0,1.0,32,1.0,,,11.0,6.0,8.0,5.0,1.0,,,0,0,,,0,0,,868283
11,292,Jordan Henderson,0.0,27.0,14,M,6.6,False,True,,,,0,,,17.0,1.0,14,2.0,,,5.0,3.0,2.0,1.0,1.0,,,0,0,,,0,0,,868283
12,2678,Diogo Jota,0.0,27.0,20,F,7.2,False,True,2.0,1.0,1.0,0,,,11.0,,9,,,,5.0,1.0,,,1.0,,2.0,1,0,,,0,0,,868283
13,51617,Darwin Núñez,0.0,17.0,27,F,6.2,False,True,,,,0,,,6.0,,2,1.0,,,8.0,3.0,1.0,,1.0,,,0,0,,,0,0,,868283
14,296,James Milner,0.0,12.0,7,M,6.2,False,True,,,,0,,,3.0,,2,,,,1.0,,,,,,1.0,1,0,,,0,0,,868283
15,281,Caoimhin Kelleher,0.0,,62,G,,False,True,,,,0,,,,,,,,,,,,,,,,0,0,,,0,0,,868283
16,284,Joe Gomez,0.0,,2,D,,False,True,,,,0,,,,,,,,,,,,,,,,0,0,,,0,0,,868283
17,1600,Konstantinos Tsimikas,0.0,,21,D,,False,True,,,,0,,,,,,,,,,,,,,,,0,0,,,0,0,,868283
18,286,Joël Matip,0.0,,32,D,,False,True,,,,0,,,,,,,,,,,,,,,,0,0,,,0,0,,868283
19,153066,Fabio Carvalho,0.0,,28,M,,False,True,,,,0,,,,,,,,,,,,,,,,0,0,,,0,0,,868283
0,280,Alisson,0.0,90.0,1,G,7.3,False,False,,,,0,,2.0,25.0,,12,,,,3.0,3.0,1.0,1.0,,,,1,0,,,0,0,0.0,868289
1,283,Trent Alexander-Arnold,0.0,90.0,66,D,7.7,False,False,2.0,1.0,,0,,,51.0,1.0,41,1.0,,,10.0,5.0,4.0,3.0,2.0,,,0,0,,,0,0,,868289
2,1145,Ibrahima Konaté,0.0,90.0,5,D,7,False,False,1.0,1.0,,0,,,30.0,,24,1.0,,1.0,11.0,6.0,,,,2.0,4.0,1,0,,,0,0,,868289
3,290,Virgil van Dijk,0.0,90.0,4,D,7.6,True,False,1.0,,,0,1.0,,46.0,1.0,42,,1.0,1.0,5.0,2.0,,,,,2.0,1,0,,,0,0,,868289
4,289,Andrew Robertson,0.0,82.0,26,D,6.9,False,False,,,,0,,,39.0,,34,1.0,,,3.0,1.0,,,,,2.0,0,0,,,0,0,,868289
5,247,Cody Gakpo,0.0,90.0,18,M,5.9,False,False,1.0,,,0,,,20.0,,16,2.0,,,13.0,5.0,2.0,2.0,1.0,1.0,3.0,0,0,,,0,0,,868289
6,299,Fabinho,0.0,90.0,3,M,7.3,False,False,,,,0,,,37.0,1.0,34,2.0,,1.0,11.0,7.0,,,1.0,2.0,3.0,1,0,,,0,0,,868289
7,293,Curtis Jones,0.0,82.0,17,M,6.6,False,False,1.0,1.0,,0,,,31.0,,28,2.0,,,6.0,3.0,1.0,,1.0,1.0,,0,0,,,0,0,,868289
8,306,Mohamed Salah,0.0,90.0,11,F,7.9,False,False,3.0,2.0,1.0,0,,,41.0,3.0,32,,,1.0,11.0,3.0,3.0,2.0,1.0,,1.0,0,0,,,0,0,,868289
9,2678,Diogo Jota,0.0,73.0,20,F,6.7,False,False,1.0,,,0,,,18.0,3.0,13,,,,8.0,1.0,1.0,,1.0,1.0,1.0,0,0,,,0,0,,868289
10,51617,Darwin Núñez,1.0,65.0,27,F,6.2,False,False,1.0,,,0,,,11.0,1.0,9,,,,6.0,1.0,,,1.0,,1.0,0,0,,,0,0,,868289
11,2489,Luis Díaz,0.0,25.0,23,F,6.7,False,True,,,,0,,,10.0,,7,,,,1.0,1.0,,,,1.0,,0,0,,,0,0,,868289
12,292,Jordan Henderson,0.0,17.0,14,M,6.3,False,True,,,,0,,,12.0,1.0,9,,,,1.0,,,,,,1.0,0,0,,,0,0,,868289
13,1600,Konstantinos Tsimikas,0.0,8.0,21,D,6.7,False,True,,,,0,,,4.0,,4,,,,1.0,1.0,,,,1.0,,0,0,,,0,0,,868289
14,296,James Milner,0.0,8.0,7,M,6.3,False,True,,,,0,,,3.0,,3,,,,2.0,1.0,,,,,1.0,0,0,,,0,0,,868289
15,281,Caoimhin Kelleher,0.0,,62,G,,False,True,,,,0,,,,,,,,,,,,,,,,0,0,,,0,0,,868289
16,284,Joe Gomez,0.0,,2,D,,False,True,,,,0,,,,,,,,,,,,,,,,0,0,,,0,0,,868289
17,286,Joël Matip,0.0,,32,D,,False,True,,,,0,,,,,,,,,,,,,,,,0,0,,,0,0,,868289
18,19035,Harvey Elliott,0.0,,19,M,,False,True,,,,0,,,,,,,,,,,,,,,,0,0,,,0,0,,868289
19,153066,Fabio Carvalho,0.0,,28,M,,False,True,,,,0,,,,,,,,,,,,,,,,0,0,,,0,0,,868289
0,280,Alisson,0.0,90.0,1,G,6.9,False,False,,,,1,,2.0,18.0,,17,,,,,,,,,,,0,0,,,0,0,0.0,868309
1,283,Trent Alexander-Arnold,0.0,90.0,66,D,7,False,False,1.0,1.0,,0,,,63.0,2.0,45,,,1.0,8.0,4.0,3.0,3.0,2.0,,1.0,1,0,,,0,0,,868309
2,1145,Ibrahima Konaté,0.0,90.0,5,D,6.3,False,False,,,,0,,,53.0,,45,3.0,,2.0,6.0,5.0,,,,1.0,1.0,1,0,,1.0,0,0,,868309
3,290,Virgil van Dijk,1.0,90.0,4,D,7.2,False,False,,,,0,,,87.0,1.0,82,,,2.0,10.0,7.0,,,1.0,,,0,0,,,0,0,,868309
4,289,Andrew Robertson,0.0,72.0,26,D,6.7,False,False,,,,0,,,47.0,1.0,39,1.0,,,4.0,2.0,1.0,,1.0,,,0,0,,,0,0,,868309
5,293,Curtis Jones,0.0,63.0,17,M,6.7,False,False,,,,0,,,29.0,,25,4.0,1.0,,14.0,6.0,4.0,2.0,2.0,,2.0,0,0,,,0,0,,868309
6,299,Fabinho,0.0,81.0,3,M,6.9,False,False,,,,0,,,45.0,1.0,38,2.0,,2.0,9.0,3.0,,,,,6.0,1,0,,,0,0,,868309
7,292,Jordan Henderson,0.0,72.0,14,M,6.5,True,False,,,,0,,,32.0,1.0,28,1.0,,,6.0,1.0,,,2.0,,1.0,0,0,,,0,0,,868309
8,306,Mohamed Salah,1.0,90.0,11,F,6.3,False,False,1.0,1.0,,0,1.0,,28.0,1.0,20,,,,15.0,3.0,8.0,2.0,1.0,1.0,,0,0,,,0,0,,868309
9,247,Cody Gakpo,0.0,90.0,18,F,7.2,False,False,1.0,1.0,,0,,,25.0,2.0,21,1.0,,,21.0,10.0,4.0,3.0,1.0,5.0,3.0,0,0,,,0,0,,868309
10,2489,Luis Díaz,1.0,72.0,23,F,6.7,False,False,1.0,,,0,,,19.0,,17,1.0,,1.0,13.0,7.0,5.0,1.0,,4.0,1.0,0,0,,,0,0,,868309
11,2678,Diogo Jota,0.0,27.0,20,F,6.5,False,True,,,,0,,,14.0,,10,,,,2.0,,1.0,,1.0,,,0,0,,,0,0,,868309
12,1600,Konstantinos Tsimikas,0.0,18.0,21,D,6.9,False,True,,,,0,,,17.0,,15,1.0,,,3.0,2.0,1.0,1.0,1.0,,,0,0,,,0,0,,868309
13,296,James Milner,0.0,18.0,7,M,7,False,True,,,,0,,,18.0,,14,2.0,,,4.0,3.0,,,,1.0,,0,0,,,0,0,,868309
14,302,Roberto Firmino,1.0,18.0,9,F,7.3,False,True,1.0,1.0,1.0,0,,,4.0,,4,,,,,,,,,,,0,0,,,0,0,,868309
15,19035,Harvey Elliott,0.0,9.0,19,M,6.9,False,True,1.0,1.0,,0,,,11.0,,10,2.0,,,4.0,2.0,,,,,1.0,0,0,,,0,0,,868309
16,281,Caoimhin Kelleher,0.0,,62,G,,False,True,,,,0,,,,,,,,,,,,,,,,0,0,,,0,0,,868309
17,284,Joe Gomez,0.0,,2,D,,False,True,,,,0,,,,,,,,,,,,,,,,0,0,,,0,0,,868309
18,286,Joël Matip,0.0,,32,D,,False,True,,,,0,,,,,,,,,,,,,,,,0,0,,,0,0,,868309
19,153066,Fabio Carvalho,0.0,,28,M,,False,True,,,,0,,,,,,,,,,,,,,,,0,0,,,0,0,,868309
0,280,Alisson,0.0,90.0,1,G,6.2,False,False,,,,2,,1.0,29.0,,22,,,,,,,,,,,0,0,,,0,0,0.0,867947
1,283,Trent Alexander-Arnold,0.0,90.0,66,D,6.9,False,False,,,,0,,,61.0,1.0,36,2.0,,1.0,5.0,2.0,,,,,2.0,0,0,,,0,0,,867947
2,286,Joël Matip,0.0,90.0,32,D,6.6,False,False,,,,0,,,93.0,,79,3.0,1.0,2.0,13.0,5.0,3.0,1.0,1.0,1.0,,0,0,,,0,0,,867947
3,290,Virgil van Dijk,0.0,90.0,4,M,6.5,False,False,,,,0,,,95.0,,79,2.0,,,7.0,5.0,,,1.0,,1.0,0,0,,1.0,0,0,,867947
4,289,Andrew Robertson,1.0,90.0,26,D,6.5,False,False,,,,0,,,58.0,,43,2.0,1.0,,14.0,6.0,3.0,,,1.0,2.0,0,0,,,0,0,,867947
5,292,Jordan Henderson,0.0,90.0,14,M,7.2,True,False,1.0,,,0,,,63.0,2.0,45,,,1.0,1.0,,,,,,1.0,0,0,,,0,0,,867947
6,299,Fabinho,0.0,59.0,3,D,6.9,False,False,,,,0,,,36.0,,29,1.0,1.0,1.0,3.0,2.0,,,,1.0,,0,0,,,0,0,,867947
7,507,Thiago Alcântara,0.0,51.0,6,M,6.9,False,False,,,,0,,,54.0,1.0,47,,,1.0,9.0,3.0,1.0,,1.0,1.0,,0,0,,,0,0,,867947
8,306,Mohamed Salah,2.0,90.0,11,F,7.6,False,False,2.0,1.0,1.0,0,,,32.0,1.0,22,,,1.0,8.0,2.0,5.0,2.0,2.0,,,0,0,,,0,0,,867947
9,302,Roberto Firmino,0.0,51.0,9,F,6.7,False,False,,,,0,,,24.0,,18,1.0,1.0,,4.0,2.0,,,,,,0,0,,,0,0,,867947
10,2489,Luis Díaz,0.0,78.0,23,F,6.7,False,False,1.0,,,0,,,23.0,,19,,,,10.0,3.0,1.0,1.0,,2.0,1.0,0,0,,,0,0,,867947
11,18812,Adrián,0.0,,13,G,,False,True,,,,0,,,,,,,,,,,,,,,,0,0,,,0,0,,867947
12,284,Joe Gomez,0.0,,2,D,,False,True,,,,0,,,,,,,,,,,,,,,,0,0,,,0,0,,867947
13,36922,Sepp van den Berg,0.0,,72,D,,False,True,,,,0,,,,,,,,,,,,,,,,0,0,,,0,0,,867947
14,284366,Luke Chambers,0.0,,88,D,,False,True,,,,0,,,,,,,,,,,,,,,,0,0,,,0,0,,867947
15,310187,Stefan Bajčetić,0.0,,43,D,,False,True,,,,0,,,,,,,,,,,,,,,,0,0,,,0,0,,867947
16,153066,Fabio Carvalho,0.0,12.0,28,M,6.6,False,True,1.0,,,0,,,2.0,,2,,,2.0,4.0,1.0,,,,,2.0,0,0,,,0,0,,867947
17,19035,Harvey Elliott,0.0,39.0,19,M,6.2,False,True,,,,0,,,20.0,1.0,17,,,1.0,5.0,1.0,1.0,,,1.0,,0,0,,,0,0,,867947
18,296,James Milner,0.0,31.0,7,M,6.2,False,True,,,,0,,,16.0,,10,,,,6.0,,,,,,,0,0,,,0,0,,867947
19,51617,Darwin Núñez,1.0,39.0,27,F,7.5,False,True,4.0,3.0,1.0,0,1.0,,6.0,2.0,5,,,,7.0,3.0,1.0,,,,,0,0,,,0,0,,867947
0,280,Alisson,0.0,90.0,1,G,6.7,False,False,,,,2,,3.0,36.0,,32,,,,,,,,,,,0,0,,,0,0,0.0,867972
1,283,Trent Alexander-Arnold,0.0,90.0,66,D,7.2,False,False,1.0,,,0,,,58.0,2.0,46,3.0,,,7.0,4.0,1.0,1.0,1.0,,2.0,1,0,,,0,0,,867972
2,284,Joe Gomez,0.0,90.0,2,D,6.9,False,False,,,,0,,,101.0,,88,1.0,1.0,2.0,9.0,5.0,,,1.0,,,0,0,,,0,0,,867972
3,290,Virgil van Dijk,0.0,90.0,4,D,6.9,False,False,,,,0,,,92.0,,77,,1.0,3.0,9.0,6.0,,,1.0,,1.0,0,0,,,0,0,,867972
4,289,Andrew Robertson,0.0,85.0,26,D,6.6,False,False,,,,0,,,68.0,2.0,58,,,,2.0,,,,,,,0,0,,,0,0,,867972
5,19035,Harvey Elliott,1.0,90.0,19,M,6.3,False,False,2.0,,,0,,,55.0,2.0,48,,,,7.0,2.0,1.0,1.0,2.0,1.0,1.0,0,0,,,0,0,,867972
6,292,Jordan Henderson,0.0,59.0,14,M,7,True,False,1.0,,,0,,,43.0,1.0,34,2.0,1.0,,3.0,3.0,,,,,,0,0,,,0,0,,867972
7,296,James Milner,0.0,73.0,7,M,6.7,False,False,1.0,,,0,,,44.0,1.0,34,,,,15.0,7.0,3.0,3.0,4.0,2.0,1.0,0,0,,,0,0,,867972
8,306,Mohamed Salah,1.0,90.0,11,F,7.5,False,False,2.0,1.0,1.0,0,,,24.0,4.0,16,1.0,,,13.0,5.0,3.0,2.0,,1.0,,0,0,,,0,0,,867972
9,302,Roberto Firmino,0.0,90.0,9,F,7,False,False,1.0,1.0,,0,,,54.0,1.0,46,3.0,,,10.0,7.0,1.0,,,1.0,,0,0,,,0,0,,867972
10,2489,Luis Díaz,0.0,90.0,23,F,6.3,False,False,2.0,1.0,,0,,,41.0,,33,1.0,,,24.0,9.0,3.0,2.0,1.0,3.0,2.0,0,0,,,0,0,,867972
11,180316,Harvey Davies,0.0,,95,G,,False,True,,,,0,,,,,,,,,,,,,,,,0,0,,,0,0,,867972
12,18812,Adrián,0.0,,13,G,,False,True,,,,0,,,,,,,,,,,,,,,,0,0,,,0,0,,867972
13,127472,Nathaniel Phillips,0.0,,47,D,,False,True,,,,0,,,,,,,,,,,,,,,,0,0,,,0,0,,867972
14,1600,Konstantinos Tsimikas,0.0,11.0,21,D,6.7,False,True,,,,0,,,3.0,,3,1.0,,1.0,2.0,1.0,,,1.0,,,0,0,,,0,0,,867972
15,36922,Sepp van den Berg,0.0,,72,D,,False,True,,,,0,,,,,,,,,,,,,,,,0,0,,,0,0,,867972
16,310187,Stefan Bajčetić,0.0,,43,D,,False,True,,,,0,,,,,,,,,,,,,,,,0,0,,,0,0,,867972
17,153066,Fabio Carvalho,0.0,17.0,28,M,6.7,False,True,1.0,1.0,,0,,,8.0,,8,,,,4.0,1.0,1.0,1.0,,,,0,0,,,0,0,,867972
18,334729,Bobby Clark,0.0,,42,M,,False,True,,,,0,,,,,,,,,,,,,,,,0,0,,,0,0,,867972
19,299,Fabinho,0.0,31.0,3,M,6.9,False,True,1.0,1.0,,0,,,18.0,,17,1.0,,,4.0,3.0,,,,2.0,,0,0,,,0,0,,867972
0,280,Alisson,0.0,90.0,1,G,7.9,False,False,,,,0,,4.0,24.0,,21,,,,1.0,1.0,,,,,,0,0,,,0,0,0.0,868000
1,283,Trent Alexander-Arnold,1.0,59.0,66,D,7.2,False,False,,,,0,,,43.0,1.0,31,,,1.0,1.0,,,,,,,0,0,,,0,0,,868000
2,284,Joe Gomez,0.0,90.0,2,D,7.6,False,False,,,,0,,,77.0,1.0,64,5.0,1.0,3.0,9.0,8.0,,,,1.0,,0,0,,,0,0,,868000
3,290,Virgil van Dijk,0.0,90.0,4,D,7.9,True,False,1.0,,,0,,,83.0,,75,,3.0,2.0,5.0,4.0,,,,,1.0,1,0,,,0,0,,868000
4,1600,Konstantinos Tsimikas,0.0,59.0,21,D,7.5,False,False,1.0,,,0,,,33.0,2.0,28,1.0,1.0,3.0,7.0,4.0,2.0,1.0,,2.0,2.0,0,0,,,0,0,,868000
5,19035,Harvey Elliott,0.0,80.0,19,M,6.9,False,False,1.0,1.0,,0,,,28.0,,21,1.0,,,4.0,3.0,1.0,1.0,,1.0,,0,0,,,0,0,,868000
6,299,Fabinho,0.0,90.0,3,M,6.9,False,False,1.0,1.0,,0,,,43.0,1.0,37,1.0,,1.0,7.0,1.0,,,1.0,,3.0,1,0,,,0,0,,868000
7,153066,Fabio Carvalho,0.0,45.0,28,M,6.3,False,False,,,,0,,,18.0,,16,1.0,,,5.0,2.0,,,,1.0,,0,0,,,0,0,,868000
8,306,Mohamed Salah,0.0,90.0,11,F,7.3,False,False,2.0,1.0,,0,,,26.0,3.0,17,2.0,,,9.0,3.0,2.0,1.0,,,1.0,0,0,,,0,0,,868000
9,51617,Darwin Núñez,0.0,80.0,27,F,7.2,False,False,5.0,2.0,,0,,,10.0,2.0,6,1.0,,,9.0,5.0,,,,,1.0,0,0,,,0,0,,868000
10,2489,Luis Díaz,1.0,90.0,23,F,7,False,False,1.0,,,0,,,22.0,2.0,15,1.0,,,9.0,4.0,,,,2.0,2.0,0,0,,,0,0,,868000
11,18812,Adrián,0.0,,13,G,,False,True,,,,0,,,,,,,,,,,,,,,,0,0,,,0,0,,868000
12,289,Andrew Robertson,0.0,31.0,26,D,6.9,False,True,,,,0,,,16.0,3.0,14,,,,1.0,,1.0,,,,,0,0,,,0,0,,868000
13,286,Joël Matip,0.0,10.0,32,D,6.7,False,True,,,,0,,,14.0,,13,,,,,,,,,,,0,0,,,0,0,,868000
14,127472,Nathaniel Phillips,0.0,,47,D,,False,True,,,,0,,,,,,,,,,,,,,,,0,0,,,0,0,,868000
15,310187,Stefan Bajčetić,0.0,,43,D,,False,True,,,,0,,,,,,,,,,,,,,,,0,0,,,0,0,,868000
16,296,James Milner,0.0,31.0,7,M,6.2,False,True,,,,0,,,13.0,,8,,,2.0,4.0,,,,3.0,,,0,0,,,0,0,,868000
17,150,Arthur,0.0,,29,M,,False,True,,,,0,,,,,,,,,,,,,,,,0,0,,,0,0,,868000
18,2678,Diogo Jota,0.0,10.0,20,F,6.2,False,True,2.0,,,0,,,5.0,2.0,2,1.0,,,5.0,2.0,2.0,,,,1.0,0,0,,,0,0,,868000
19,302,Roberto Firmino,0.0,45.0,9,F,7.2,False,True,3.0,3.0,,0,,,14.0,1.0,12,1.0,,,4.0,2.0,,,,,,0,0,,,0,0,,868000
0,280,Alisson,0.0,90.0,1,G,7.5,False,False,,,,0,,2.0,47.0,,39,,,,1.0,,,,1.0,,,0,0,,,0,0,0.0,868019
1,284,Joe Gomez,1.0,90.0,2,D,7.3,False,False,1.0,1.0,,0,,,45.0,,37,1.0,,1.0,5.0,3.0,,,,,,0,0,,,0,0,,868019
2,286,Joël Matip,0.0,90.0,32,D,6.9,False,False,,,,0,,,64.0,,56,1.0,1.0,2.0,9.0,3.0,,,3.0,,3.0,1,0,,,0,0,,868019
3,1145,Ibrahima Konaté,0.0,90.0,5,D,7.3,False,False,,,,0,,,66.0,,59,1.0,1.0,1.0,6.0,2.0,2.0,1.0,1.0,,2.0,0,0,,,0,0,,868019
4,1600,Konstantinos Tsimikas,0.0,66.0,21,D,6.9,False,False,,,,0,,,40.0,2.0,32,2.0,,,8.0,3.0,,,1.0,,3.0,1,0,,,0,0,,868019
5,292,Jordan Henderson,1.0,90.0,14,M,7,True,False,1.0,1.0,,0,,,52.0,,43,,,,2.0,1.0,1.0,1.0,,,1.0,0,0,,,0,0,,868019
6,299,Fabinho,0.0,90.0,3,M,6.6,False,False,,,,0,,,45.0,1.0,39,2.0,1.0,1.0,8.0,2.0,,,1.0,,4.0,1,0,,,0,0,,868019
7,293,Curtis Jones,0.0,79.0,17,M,6.2,False,False,,,,0,,,54.0,,50,2.0,,,10.0,3.0,1.0,,3.0,1.0,,1,0,,,0,0,,868019
8,2678,Diogo Jota,0.0,90.0,20,F,6.2,False,False,,,,0,,,29.0,,23,,,,20.0,5.0,8.0,4.0,3.0,,2.0,0,0,,,0,0,,868019
9,302,Roberto Firmino,0.0,65.0,9,F,6.9,False,False,,,,0,,,31.0,,27,,,,3.0,2.0,1.0,1.0,,,,0,0,,,0,0,,868019
10,51617,Darwin Núñez,0.0,79.0,27,F,7,False,False,2.0,2.0,,0,,,28.0,1.0,20,2.0,,,15.0,6.0,4.0,2.0,1.0,1.0,,0,0,,,0,0,,868019
11,281,Caoimhin Kelleher,0.0,,62,G,,False,True,,,,0,,,,,,,,,,,,,,,,0,0,,,0,0,,868019
12,283,Trent Alexander-Arnold,0.0,,66,D,,False,True,,,,0,,,,,,,,,,,,,,,,0,0,,,0,0,,868019
13,289,Andrew Robertson,1.0,24.0,26,D,6.3,False,True,,,,0,,,14.0,,9,,,,2.0,1.0,,,1.0,,,0,0,,,0,0,,868019
14,127472,Nathaniel Phillips,0.0,,47,D,,False,True,,,,0,,,,,,,,,,,,,,,,0,0,,,0,0,,868019
15,296,James Milner,0.0,11.0,7,M,6.6,False,True,,,,0,,,9.0,,5,2.0,,,3.0,2.0,,,,,,0,0,,,0,0,,868019
16,153066,Fabio Carvalho,0.0,,28,M,,False,True,,,,0,,,,,,,,,,,,,,,,0,0,,,0,0,,868019
17,150,Arthur,0.0,,29,M,,False,True,,,,0,,,,,,,,,,,,,,,,0,0,,,0,0,,868019
18,306,Mohamed Salah,0.0,25.0,11,F,6.6,False,True,,,,0,,,10.0,,7,,,1.0,1.0,1.0,1.0,1.0,,,,0,0,,,0,0,,868019
19,247,Cody Gakpo,0.0,11.0,18,F,6.2,False,True,,,,0,,,3.0,,3,,,,8.0,2.0,1.0,1.0,1.0,,2.0,0,0,,,0,0,,868019
0,280,Alisson,0.0,90.0,1,G,6.6,False,False,,,,3,,4.0,35.0,,28,,,,2.0,2.0,,,,,,0,0,,,0,0,0.0,868037
1,283,Trent Alexander-Arnold,0.0,45.0,66,D,6.3,False,False,,,,0,,,22.0,1.0,15,,,1.0,3.0,1.0,,,1.0,1.0,,0,0,,,0,0,,868037
2,286,Joël Matip,0.0,69.0,32,D,6.2,False,False,,,,0,,,46.0,,42,,,1.0,4.0,2.0,,,2.0,1.0,,0,0,,,0,0,,868037
3,290,Virgil van Dijk,0.0,90.0,4,D,6.7,False,False,1.0,,,0,,,74.0,,65,,2.0,,,,,,,,,0,0,,,0,0,,868037
4,1600,Konstantinos Tsimikas,0.0,90.0,21,D,6.5,False,False,,,,0,,,44.0,,36,2.0,,1.0,5.0,3.0,,,,1.0,1.0,0,0,,,0,0,,868037
5,292,Jordan Henderson,0.0,90.0,14,M,6.7,True,False,,,,0,,,60.0,1.0,48,2.0,1.0,,5.0,2.0,,,,,1.0,0,0,,,0,0,,868037
6,507,Thiago Alcântara,0.0,90.0,6,M,6.2,False,False,,,,0,,,67.0,,53,2.0,,2.0,12.0,8.0,,,1.0,3.0,1.0,0,0,,1.0,0,0,,868037
7,306,Mohamed Salah,0.0,69.0,11,M,6.3,False,False,1.0,,,0,,,19.0,1.0,17,,,,6.0,2.0,3.0,2.0,,,,0,0,,,0,0,,868037
8,2678,Diogo Jota,1.0,81.0,20,M,7,False,False,,,,0,1.0,,27.0,1.0,16,3.0,,1.0,13.0,8.0,3.0,2.0,1.0,2.0,1.0,0,0,,,0,0,,868037
9,2489,Luis Díaz,0.0,42.0,23,M,6.2,False,False,,,,0,1.0,,12.0,1.0,10,,,,8.0,1.0,2.0,,,1.0,3.0,1,0,,,0,0,,868037
10,51617,Darwin Núñez,5.0,90.0,27,F,7,False,False,2.0,2.0,1.0,0,,,10.0,,7,,,,9.0,2.0,,,1.0,,2.0,0,0,,,0,0,,868037
11,281,Caoimhin Kelleher,0.0,,62,G,,False,True,,,,0,,,,,,,,,,,,,,,,0,0,,,0,0,,868037
12,284,Joe Gomez,0.0,45.0,2,D,6.9,False,True,,,,0,,,14.0,,12,4.0,,1.0,5.0,4.0,,,,,,1,0,,,0,0,,868037
13,127472,Nathaniel Phillips,0.0,,47,D,,False,True,,,,0,,,,,,,,,,,,,,,,0,0,,,0,0,,868037
14,1145,Ibrahima Konaté,0.0,21.0,5,D,6.3,False,True,,,,0,,,11.0,,9,,,1.0,2.0,,,,1.0,,1.0,0,0,,,0,0,,868037
15,296,James Milner,0.0,,7,M,,False,True,,,,0,,,,,,,,,,,,,,,,0,0,,,0,0,,868037
16,153066,Fabio Carvalho,0.0,,28,M,,False,True,,,,0,,,,,,,,,,,,,,,,0,0,,,0,0,,868037
17,19035,Harvey Elliott,0.0,9.0,19,M,6.3,False,True,,,,0,,,7.0,,5,1.0,,,2.0,1.0,,,1.0,,,0,0,,,0,0,,868037
18,299,Fabinho,0.0,21.0,3,M,6.2,False,True,,,,0,,,11.0,,9,,,,4.0,2.0,1.0,,,1.0,1.0,0,0,,,0,0,,868037
19,302,Roberto Firmino,0.0,48.0,9,F,7.3,False,True,1.0,1.0,1.0,0,,,29.0,,23,1.0,,,5.0,1.0,,,,,,0,0,,,0,0,,868037
0,280,Alisson,0.0,90.0,1,G,7.9,False,False,,,,1,,6.0,17.0,,17,,,,1.0,,,,,,1.0,0,0,,,0,0,0.0,868071
1,296,James Milner,0.0,62.0,7,D,8,True,False,,,,0,,,60.0,3.0,50,4.0,1.0,1.0,7.0,7.0,,,,3.0,,0,0,,,0,0,,868071
2,284,Joe Gomez,0.0,90.0,2,D,7.3,False,False,,,,0,,,116.0,,100,2.0,1.0,,10.0,6.0,,,,1.0,2.0,1,0,,,0,0,,868071
3,290,Virgil van Dijk,0.0,90.0,4,D,6.9,False,False,2.0,1.0,,0,,,114.0,,105,1.0,,2.0,6.0,5.0,,,,,,0,0,,,0,0,,868071
4,289,Andrew Robertson,0.0,90.0,26,D,7.2,False,False,,,,0,,,55.0,3.0,43,1.0,,,7.0,2.0,2.0,1.0,,,1.0,0,0,,,0,0,,868071
5,19035,Harvey Elliott,0.0,90.0,19,M,7.7,False,False,1.0,1.0,,0,,,66.0,3.0,52,1.0,,,13.0,9.0,4.0,3.0,1.0,4.0,1.0,0,0,,,0,0,,868071
6,299,Fabinho,0.0,90.0,3,M,6.7,False,False,,,,0,,,74.0,,64,1.0,,,4.0,1.0,,,1.0,,,0,0,,,0,0,,868071
7,293,Curtis Jones,0.0,90.0,17,M,6.9,False,False,1.0,1.0,,0,,,80.0,1.0,75,,,1.0,12.0,5.0,3.0,1.0,1.0,4.0,2.0,0,0,,,0,0,,868071
8,153066,Fabio Carvalho,0.0,62.0,28,M,6,False,False,4.0,1.0,,0,,,13.0,,9,2.0,,,12.0,3.0,,,1.0,,,0,0,,,0,0,,868071
9,306,Mohamed Salah,0.0,90.0,11,F,6.7,False,False,3.0,2.0,,0,,,6.0,1.0,4,,,,5.0,,,,,,,0,0,,,0,0,,868071
10,302,Roberto Firmino,0.0,76.0,9,F,6.7,False,False,2.0,,,0,,,31.0,,23,2.0,,,9.0,5.0,,,1.0,1.0,1.0,0,0,,,0,0,,868071
11,281,Caoimhin Kelleher,0.0,,62,G,,False,True,,,,0,,,,,,,,,,,,,,,,0,0,,,0,0,,868071
12,18812,Adrián,0.0,,13,G,,False,True,,,,0,,,,,,,,,,,,,,,,0,0,,,0,0,,868071
13,283,Trent Alexander-Arnold,0.0,28.0,66,D,7.3,False,True,1.0,1.0,,0,,,21.0,2.0,17,,,,,,,,,,,0,0,,,0,0,,868071
14,127472,Nathaniel Phillips,0.0,,47,D,,False,True,,,,0,,,,,,,,,,,,,,,,0,0,,,0,0,,868071
15,1600,Konstantinos Tsimikas,0.0,,21,D,,False,True,,,,0,,,,,,,,,,,,,,,,0,0,,,0,0,,868071
16,310187,Stefan Bajčetić,0.0,,43,D,,False,True,,,,0,,,,,,,,,,,,,,,,0,0,,,0,0,,868071
17,334729,Bobby Clark,0.0,,42,M,,False,True,,,,0,,,,,,,,,,,,,,,,0,0,,,0,0,,868071
18,297,Alex Oxlade-Chamberlain,0.0,14.0,15,M,6.3,False,True,,,,0,,,,,,,,,,,,,,,,0,0,,,0,0,,868071
19,292,Jordan Henderson,0.0,28.0,14,M,6.6,False,True,,,,0,,,38.0,,36,,,,1.0,,,,1.0,,,0,0,,,0,0,,868071
0,280,Alisson,0.0,90.0,1,G,7.5,False,False,,,,1,,4.0,36.0,,21,,,,2.0,1.0,,,,,,0,0,,,0,0,0.0,868093
1,283,Trent Alexander-Arnold,0.0,90.0,66,D,6.9,False,False,,,,0,,,71.0,1.0,56,,1.0,1.0,3.0,,,,,,1.0,0,0,,,0,0,,868093
2,1145,Ibrahima Konaté,0.0,90.0,5,D,7.2,False,False,,,,0,,,74.0,,57,3.0,,2.0,13.0,11.0,,,,1.0,1.0,0,0,,,0,0,,868093
3,290,Virgil van Dijk,0.0,90.0,4,D,6.6,True,False,,,,0,,,72.0,,66,,,,1.0,1.0,,,,,,0,0,,,0,0,,868093
4,289,Andrew Robertson,0.0,90.0,26,D,7,False,False,,,,0,,,64.0,2.0,57,1.0,,2.0,6.0,3.0,2.0,1.0,1.0,1.0,,0,0,,,0,0,,868093
5,19035,Harvey Elliott,0.0,74.0,19,M,6.7,False,False,1.0,1.0,,0,,,50.0,,41,1.0,1.0,,8.0,4.0,2.0,,2.0,3.0,,0,0,,,0,0,,868093
6,299,Fabinho,0.0,90.0,3,M,7.3,False,False,,,,0,,,62.0,2.0,57,2.0,1.0,2.0,5.0,3.0,,,1.0,1.0,1.0,0,0,,,0,0,,868093
7,507,Thiago Alcântara,0.0,90.0,6,M,7.5,False,False,1.0,,,0,,,70.0,2.0,65,5.0,,,12.0,7.0,2.0,1.0,1.0,,,0,0,,,0,0,,868093
8,302,Roberto Firmino,0.0,74.0,9,M,6.2,False,False,,,,0,,,27.0,,22,,,2.0,8.0,2.0,2.0,1.0,1.0,1.0,1.0,0,0,,,0,0,,868093
9,51617,Darwin Núñez,0.0,87.0,27,F,7.6,False,False,4.0,2.0,,0,1.0,,31.0,2.0,25,1.0,,2.0,12.0,4.0,3.0,1.0,,1.0,2.0,0,0,,,0,0,,868093
10,306,Mohamed Salah,2.0,89.0,11,F,7.6,False,False,3.0,3.0,2.0,0,,,39.0,,32,1.0,,,7.0,2.0,2.0,,1.0,1.0,1.0,0,0,,,0,0,,868093
11,281,Caoimhin Kelleher,0.0,,62,G,,False,True,,,,0,,,,,,,,,,,,,,,,0,0,,,0,0,,868093
12,284,Joe Gomez,0.0,8.0,2,D,6.7,False,True,,,,0,,,,,,,,,1.0,1.0,,,,,,0,0,,,0,0,,868093
13,1600,Konstantinos Tsimikas,0.0,,21,D,,False,True,,,,0,,,,,,,,,,,,,,,,0,0,,,0,0,,868093
14,135525,Calvin Ramsay,0.0,,22,D,,False,True,,,,0,,,,,,,,,,,,,,,,0,0,,,0,0,,868093
15,310187,Stefan Bajčetić,0.0,,43,D,,False,True,,,,0,,,,,,,,,,,,,,,,0,0,,,0,0,,868093
16,293,Curtis Jones,0.0,16.0,17,M,6.5,False,True,,,,0,,,2.0,,2,,,,1.0,,,,,,,0,0,,,0,0,,868093
17,153066,Fabio Carvalho,0.0,,28,M,,False,True,,,,0,,,,,,,,,,,,,,,,0,0,,,0,0,,868093
18,297,Alex Oxlade-Chamberlain,0.0,1.0,15,M,,False,True,,,,0,,,1.0,,,,,,3.0,1.0,,,1.0,1.0,,0,0,,,0,0,,868093
19,292,Jordan Henderson,0.0,16.0,14,M,6.2,False,True,,,,0,,,17.0,,14,,,,2.0,,,,,,1.0,0,0,,,0,0,,868093
0,280,Alisson,0.0,90.0,1,G,7.5,False,False,,,,1,,5.0,24.0,,21,,,,1.0,1.0,,,,1.0,,0,0,,,0,0,0.0,868107
1,283,Trent Alexander-Arnold,0.0,79.0,66,D,7.6,False,False,,,,0,,,74.0,2.0,57,2.0,,2.0,5.0,4.0,1.0,1.0,,,,0,0,,,0,0,,868107
2,286,Joël Matip,1.0,90.0,32,D,7.9,False,False,,,,0,,,64.0,,59,7.0,,2.0,9.0,8.0,,,,,,0,0,,,0,0,,868107
3,290,Virgil van Dijk,0.0,90.0,4,D,7.6,False,False,1.0,1.0,1.0,0,,,63.0,,57,,,3.0,3.0,2.0,,,,,1.0,0,0,,,0,0,,868107
4,289,Andrew Robertson,0.0,90.0,26,D,8,False,False,,,,0,1.0,,32.0,2.0,27,2.0,1.0,,5.0,4.0,1.0,1.0,,1.0,,0,0,,,0,0,,868107
5,292,Jordan Henderson,0.0,79.0,14,M,7,True,False,1.0,1.0,,0,,,55.0,1.0,45,,1.0,,1.0,,,,,,,0,0,,,0,0,,868107
6,299,Fabinho,0.0,90.0,3,M,7,False,False,1.0,,,0,,,54.0,,47,3.0,1.0,1.0,6.0,4.0,,,1.0,,2.0,0,0,,,0,0,,868107
7,507,Thiago Alcântara,0.0,67.0,6,M,7,False,False,1.0,,,0,,,46.0,1.0,35,3.0,,1.0,9.0,4.0,,,,1.0,2.0,0,0,,,0,0,,868107
8,306,Mohamed Salah,0.0,90.0,11,F,8,False,False,3.0,2.0,1.0,0,1.0,,28.0,4.0,23,,,,8.0,2.0,2.0,,1.0,2.0,2.0,0,0,,,0,0,,868107
9,51617,Darwin Núñez,2.0,88.0,27,F,5.6,False,False,6.0,4.0,,0,,,12.0,1.0,4,,,,5.0,3.0,,,,,1.0,0,0,,,0,0,,868107
10,297,Alex Oxlade-Chamberlain,0.0,67.0,15,F,6.2,False,False,,,,0,,,18.0,1.0,11,,,,7.0,1.0,4.0,,1.0,1.0,1.0,0,0,,,0,0,,868107
11,281,Caoimhin Kelleher,0.0,,62,G,,False,True,,,,0,,,,,,,,,,,,,,,,0,0,,,0,0,,868107
12,284,Joe Gomez,0.0,11.0,2,D,6.3,False,True,,,,0,,,7.0,,5,,,1.0,1.0,,1.0,,,,,0,0,,,0,0,,868107
13,127472,Nathaniel Phillips,0.0,,47,D,,False,True,,,,0,,,,,,,,,,,,,,,,0,0,,,0,0,,868107
14,1600,Konstantinos Tsimikas,0.0,,21,D,,False,True,,,,0,,,,,,,,,,,,,,,,0,0,,,0,0,,868107
15,310187,Stefan Bajčetić,0.0,11.0,43,D,7.7,False,True,1.0,1.0,1.0,0,,,10.0,,8,1.0,,1.0,4.0,2.0,1.0,1.0,1.0,,1.0,0,0,,,0,0,,868107
16,294,Naby Keïta,0.0,23.0,8,M,6.5,False,True,1.0,,,0,,,17.0,,15,,,,2.0,,,,1.0,,1.0,0,0,,,0,0,,868107
17,153066,Fabio Carvalho,0.0,,28,M,,False,True,,,,0,,,,,,,,,,,,,,,,0,0,,,0,0,,868107
18,19035,Harvey Elliott,0.0,23.0,19,M,6.3,False,True,,,,0,,,7.0,,5,,,,1.0,,,,,,1.0,0,0,,,0,0,,868107
19,343576,Ben Doak,0.0,2.0,50,F,,False,True,,,,0,,,3.0,,1,1.0,,,2.0,1.0,1.0,,,,,0,0,,,0,0,,868107
0,280,Alisson,0.0,90.0,1,G,6.9,False,False,,,,3,,5.0,28.0,,20,,,,,,,,,,,0,0,,,0,0,0.0,868128
1,283,Trent Alexander-Arnold,0.0,90.0,66,D,7,False,False,,,,0,1.0,,87.0,2.0,67,1.0,,1.0,7.0,4.0,2.0,2.0,1.0,,,0,0,,,0,0,,868128
2,1145,Ibrahima Konaté,1.0,90.0,5,D,5.3,False,False,1.0,,,0,,,65.0,,60,1.0,,1.0,6.0,3.0,,,1.0,,,0,0,,,0,0,,868128
3,290,Virgil van Dijk,1.0,45.0,4,D,6.2,True,False,,,,0,,,42.0,,39,,,,,,,,,,,0,0,,,0,0,,868128
4,1600,Konstantinos Tsimikas,0.0,45.0,21,D,6.9,False,False,2.0,2.0,,0,,,25.0,2.0,19,,,,7.0,5.0,2.0,1.0,,,,0,0,,,0,0,,868128
5,19035,Harvey Elliott,0.0,45.0,19,M,6.7,False,False,,,,0,,,39.0,2.0,37,,,,1.0,,,,,,1.0,1,0,,,0,0,,868128
6,299,Fabinho,0.0,90.0,3,M,6.9,False,False,1.0,1.0,,0,,,68.0,,63,2.0,1.0,1.0,7.0,4.0,,,,,2.0,0,0,,,0,0,,868128
7,507,Thiago Alcântara,0.0,90.0,6,M,6.9,False,False,,,,0,,,87.0,1.0,77,1.0,,,13.0,7.0,4.0,4.0,,1.0,2.0,1,0,,,0,0,,868128
8,306,Mohamed Salah,0.0,90.0,11,F,7,False,False,,,,0,,,37.0,2.0,27,,,,4.0,1.0,2.0,1.0,,,,0,0,,,0,0,,868128
9,51617,Darwin Núñez,2.0,90.0,27,F,6.3,False,False,2.0,1.0,,0,,,12.0,,7,,,,8.0,3.0,2.0,1.0,,1.0,1.0,1,0,,,0,0,,868128
10,297,Alex Oxlade-Chamberlain,0.0,83.0,15,F,7.9,False,False,3.0,2.0,1.0,0,,,34.0,2.0,27,2.0,,,9.0,4.0,2.0,1.0,,,1.0,0,0,,,0,0,,868128
11,281,Caoimhin Kelleher,0.0,,62,G,,False,True,,,,0,,,,,,,,,,,,,,,,0,0,,,0,0,,868128
12,310187,Stefan Bajčetić,0.0,,43,D,,False,True,,,,0,,,,,,,,,,,,,,,,0,0,,,0,0,,868128
13,289,Andrew Robertson,0.0,45.0,26,D,6.6,False,True,,,,0,,,44.0,,37,2.0,,1.0,3.0,3.0,,,,,,0,0,,,0,0,,868128
14,284,Joe Gomez,0.0,,2,D,,False,True,,,,0,,,,,,,,,,,,,,,,0,0,,,0,0,,868128
15,127472,Nathaniel Phillips,0.0,,47,D,,False,True,,,,0,,,,,,,,,,,,,,,,0,0,,,0,0,,868128
16,286,Joël Matip,0.0,45.0,32,D,6.3,False,True,,,,0,,,30.0,,24,,,,7.0,3.0,2.0,1.0,,1.0,,0,0,,,0,0,,868128
17,293,Curtis Jones,0.0,15.0,17,M,6.5,False,True,,,,0,,,13.0,,10,,,,3.0,2.0,1.0,1.0,,1.0,,0,0,,,0,0,,868128
18,153066,Fabio Carvalho,0.0,,28,M,,False,True,,,,0,,,,,,,,,,,,,,,,0,0,,,0,0,,868128
19,294,Naby Keïta,0.0,45.0,8,M,6.2,False,True,,,,0,,,41.0,1.0,29,,,,9.0,3.0,1.0,1.0,,,1.0,0,0,,,0,0,,868128
0,280,Alisson,0.0,90.0,1,G,6.9,False,False,,,,3,,5.0,23.0,,19,,,,,,,,,,,0,0,,,0,0,0.0,868138
1,283,Trent Alexander-Arnold,1.0,90.0,66,D,6.9,False,False,,,,0,,,32.0,2.0,23,,2.0,1.0,7.0,1.0,,,2.0,1.0,2.0,1,0,,,0,0,,868138
2,286,Joël Matip,0.0,69.0,32,D,5.6,False,False,,,,0,,,39.0,,30,,,2.0,2.0,1.0,,,,,1.0,1,0,,,0,0,,868138
3,1145,Ibrahima Konaté,0.0,90.0,5,D,7.3,False,False,1.0,1.0,,0,,,62.0,,59,5.0,1.0,1.0,10.0,8.0,,,1.0,1.0,,0,0,,,0,0,,868138
4,289,Andrew Robertson,0.0,90.0,26,D,6.6,False,False,,,,0,,,43.0,1.0,36,3.0,1.0,2.0,9.0,4.0,1.0,,2.0,1.0,2.0,0,0,,,0,0,,868138
5,292,Jordan Henderson,0.0,69.0,14,M,6.5,True,False,,,,0,,,43.0,,34,2.0,,1.0,5.0,2.0,,,,,2.0,1,0,,,0,0,,868138
6,299,Fabinho,0.0,68.0,3,M,6.6,False,False,,,,0,,,31.0,1.0,28,1.0,,1.0,4.0,2.0,,,1.0,1.0,1.0,0,0,,,0,0,,868138
7,507,Thiago Alcântara,0.0,90.0,6,M,6.9,False,False,,,,0,,,53.0,,47,3.0,,5.0,8.0,3.0,,,,,2.0,0,0,,,0,0,,868138
8,306,Mohamed Salah,0.0,90.0,11,F,6.7,False,False,1.0,,,0,,,20.0,1.0,16,1.0,,1.0,8.0,2.0,,,,,1.0,0,0,,,0,0,,868138
9,247,Cody Gakpo,1.0,90.0,18,F,6.7,False,False,,,,0,,,14.0,,10,,,,6.0,5.0,1.0,1.0,,3.0,,0,0,,,0,0,,868138
10,297,Alex Oxlade-Chamberlain,0.0,69.0,15,F,6.2,False,False,2.0,1.0,,0,,,16.0,,12,2.0,,1.0,9.0,4.0,2.0,1.0,,1.0,,0,0,,,0,0,,868138
11,281,Caoimhin Kelleher,0.0,,62,G,,False,True,,,,0,,,,,,,,,,,,,,,,0,0,,,0,0,,868138
12,284,Joe Gomez,0.0,21.0,2,D,6.3,False,True,,,,0,,,8.0,,6,,1.0,,2.0,,,,2.0,,,0,0,,,0,0,,868138
13,1600,Konstantinos Tsimikas,0.0,,21,D,,False,True,,,,0,,,,,,,,,,,,,,,,0,0,,,0,0,,868138
14,294,Naby Keïta,0.0,22.0,8,M,6.3,False,True,,,,0,,,15.0,1.0,14,,,1.0,3.0,,,,,,3.0,0,0,,,0,0,,868138
15,293,Curtis Jones,0.0,,17,M,,False,True,,,,0,,,,,,,,,,,,,,,,0,0,,,0,0,,868138
16,296,James Milner,0.0,,7,M,,False,True,,,,0,,,,,,,,,,,,,,,,0,0,,,0,0,,868138
17,153066,Fabio Carvalho,0.0,,28,M,,False,True,,,,0,,,,,,,,,,,,,,,,0,0,,,0,0,,868138
18,19035,Harvey Elliott,0.0,21.0,19,M,6.7,False,True,1.0,,,0,,,10.0,,7,,,,2.0,1.0,1.0,1.0,,,,0,0,,,0,0,,868138
19,343576,Ben Doak,0.0,21.0,50,F,6.5,False,True,,,,0,,,11.0,,9,2.0,,,6.0,3.0,3.0,,,1.0,1.0,0,0,,,0,0,,868138
0,280,Alisson,0.0,90.0,1,G,6.3,False,False,,,,3,,3.0,32.0,,31,,,,,,,,,,,0,0,,,0,0,0.0,868165
1,283,Trent Alexander-Arnold,0.0,90.0,66,D,6.9,False,False,2.0,,,0,,,65.0,3.0,53,1.0,,1.0,4.0,1.0,1.0,,,,,0,0,,,0,0,,868165
2,286,Joël Matip,0.0,90.0,32,D,6,False,False,,,,0,,,77.0,2.0,67,,,,8.0,5.0,1.0,1.0,,1.0,1.0,0,0,,,0,0,,868165
3,284,Joe Gomez,0.0,90.0,2,D,6.7,False,False,,,,0,,,94.0,,85,1.0,1.0,1.0,9.0,6.0,,,,,1.0,1,0,,,0,0,,868165
4,289,Andrew Robertson,0.0,86.0,26,D,6.6,True,False,2.0,2.0,,0,,,41.0,1.0,35,1.0,,3.0,5.0,3.0,,,1.0,1.0,,0,0,,,0,0,,868165
5,294,Naby Keïta,0.0,65.0,8,M,6.7,False,False,2.0,,,0,,,24.0,2.0,22,1.0,,,5.0,2.0,,,,1.0,2.0,0,0,,,0,0,,868165
6,310187,Stefan Bajčetić,0.0,77.0,43,M,6.2,False,False,,,,0,,,45.0,,39,2.0,,1.0,14.0,7.0,2.0,1.0,3.0,3.0,1.0,0,0,,,0,0,,868165
7,507,Thiago Alcântara,0.0,85.0,6,M,7,False,False,,,,0,,,66.0,3.0,58,2.0,,,11.0,5.0,1.0,1.0,1.0,,,0,0,,,0,0,,868165
8,306,Mohamed Salah,1.0,90.0,11,F,6.3,False,False,2.0,,,0,,,27.0,,20,1.0,,,4.0,1.0,1.0,,1.0,,1.0,0,0,,,0,0,,868165
9,51617,Darwin Núñez,1.0,90.0,27,F,6.7,False,False,4.0,2.0,,0,,,13.0,1.0,7,,,,9.0,5.0,,,,1.0,,0,0,,,0,0,,868165
10,247,Cody Gakpo,0.0,85.0,18,F,7.7,False,False,,,,0,,,11.0,2.0,7,1.0,1.0,2.0,10.0,5.0,2.0,2.0,,2.0,1.0,0,0,,,0,0,,868165
11,281,Caoimhin Kelleher,0.0,,62,G,,False,True,,,,0,,,,,,,,,,,,,,,,0,0,,,0,0,,868165
12,1600,Konstantinos Tsimikas,0.0,9.0,21,D,6.9,False,True,,,,0,,,4.0,1.0,4,,,,,,,,,,,0,0,,,0,0,,868165
13,127472,Nathaniel Phillips,0.0,,47,D,,False,True,,,,0,,,,,,,,,,,,,,,,0,0,,,0,0,,868165
14,293,Curtis Jones,0.0,,17,M,,False,True,,,,0,,,,,,,,,,,,,,,,0,0,,,0,0,,868165
15,296,James Milner,0.0,10.0,7,M,6.6,False,True,,,,0,,,5.0,,5,,,2.0,,,,,,,,0,0,,,0,0,,868165
16,153066,Fabio Carvalho,0.0,,28,M,,False,True,,,,0,,,,,,,,,,,,,,,,0,0,,,0,0,,868165
17,292,Jordan Henderson,0.0,25.0,14,M,6.7,False,True,,,,0,,,26.0,,22,,,,,,,,,,,0,0,,,0,0,,868165
18,19035,Harvey Elliott,0.0,13.0,19,M,6.3,False,True,,,,0,,,10.0,,7,,,,,,,,,,,0,0,,,0,0,,868165
19,297,Alex Oxlade-Chamberlain,0.0,10.0,15,M,6.2,False,True,,,,0,,,4.0,,3,,,,2.0,,,,,,,0,0,,,0,0,,868165
0,280,Alisson,0.0,90.0,1,G,8,False,False,,,,0,,4.0,33.0,,25,,,,,,,,,,,0,0,,,0,0,0.0,868182
1,283,Trent Alexander-Arnold,0.0,90.0,66,D,8.2,False,False,,,,0,1.0,,78.0,4.0,65,1.0,,,5.0,2.0,1.0,1.0,1.0,,2.0,0,0,,,0,0,,868182
2,284,Joe Gomez,0.0,90.0,2,D,7.2,False,False,,,,0,,,88.0,,80,2.0,,1.0,8.0,3.0,,,2.0,,,0,0,,,0,0,,868182
3,290,Virgil van Dijk,0.0,90.0,4,D,7.3,False,False,,,,0,,,93.0,,89,,2.0,1.0,3.0,1.0,,,1.0,1.0,,0,0,,,0,0,,868182
4,289,Andrew Robertson,0.0,90.0,26,D,7.9,False,False,,,,0,,,85.0,3.0,79,1.0,,1.0,3.0,2.0,1.0,,,,,0,0,,,0,0,,868182
5,292,Jordan Henderson,0.0,59.0,14,M,7,True,False,1.0,1.0,,0,,,28.0,,23,1.0,,,2.0,2.0,1.0,1.0,,,,0,0,,,0,0,,868182
6,299,Fabinho,0.0,90.0,3,M,6.6,False,False,,,,0,,,48.0,1.0,45,1.0,1.0,,9.0,4.0,2.0,2.0,4.0,,,1,0,,,0,0,,868182
7,310187,Stefan Bajčetić,0.0,59.0,43,M,6.5,False,False,,,,0,,,22.0,,18,2.0,,,5.0,2.0,,,1.0,,1.0,0,0,,,0,0,,868182
8,306,Mohamed Salah,0.0,90.0,11,F,7.3,False,False,1.0,1.0,,0,1.0,,23.0,1.0,18,,,,6.0,1.0,1.0,,,1.0,,0,0,,,0,0,,868182
9,247,Cody Gakpo,0.0,59.0,18,F,7,False,False,2.0,2.0,1.0,0,,,10.0,,8,1.0,,,8.0,3.0,,,1.0,,2.0,0,0,,,0,0,,868182
10,51617,Darwin Núñez,0.0,59.0,27,F,6.9,False,False,2.0,2.0,1.0,0,,,12.0,,9,,,,8.0,,2.0,,3.0,,2.0,0,0,,,0,0,,868182
11,281,Caoimhin Kelleher,0.0,,62,G,,False,True,,,,0,,,,,,,,,,,,,,,,0,0,,,0,0,,868182
12,127472,Nathaniel Phillips,0.0,,47,D,,False,True,,,,0,,,,,,,,,,,,,,,,0,0,,,0,0,,868182
13,1600,Konstantinos Tsimikas,0.0,,21,D,,False,True,,,,0,,,,,,,,,,,,,,,,0,0,,,0,0,,868182
14,286,Joël Matip,0.0,,32,D,,False,True,,,,0,,,,,,,,,,,,,,,,0,0,,,0,0,,868182
15,294,Naby Keïta,0.0,,8,M,,False,True,,,,0,,,,,,,,,,,,,,,,0,0,,,0,0,,868182
16,296,James Milner,0.0,31.0,7,M,7,False,True,,,,0,,,31.0,,29,2.0,,,5.0,4.0,2.0,2.0,,,1.0,0,0,,,0,0,,868182
17,19035,Harvey Elliott,0.0,31.0,19,M,7.2,False,True,1.0,1.0,,0,,,18.0,2.0,16,1.0,,1.0,2.0,1.0,,,,,,0,0,,,0,0,,868182
18,302,Roberto Firmino,0.0,31.0,9,F,6.3,False,True,,,,0,,,22.0,1.0,18,1.0,,,9.0,3.0,4.0,2.0,4.0,,,0,0,,,0,0,,868182
19,2678,Diogo Jota,0.0,31.0,20,F,5.9,False,True,4.0,,,0,,,14.0,,11,1.0,,,7.0,2.0,2.0,1.0,4.0,,,0,0,,,0,0,,868182
0,280,Alisson,0.0,90.0,1,G,7.2,False,False,,,,0,,,52.0,,46,,,,1.0,1.0,,,,1.0,,0,0,,,0,0,0.0,868187
1,283,Trent Alexander-Arnold,0.0,71.0,66,D,6.9,False,False,1.0,1.0,,0,,,49.0,1.0,35,2.0,1.0,,5.0,3.0,1.0,1.0,,,1.0,0,0,,,0,0,,868187
2,286,Joël Matip,0.0,90.0,32,D,7.6,False,False,1.0,1.0,,0,,,99.0,1.0,89,,1.0,,8.0,4.0,1.0,1.0,1.0,,1.0,1,0,,,0,0,,868187
3,290,Virgil van Dijk,0.0,90.0,4,D,7.2,False,False,,,,0,,,91.0,,86,2.0,,,9.0,5.0,,,,2.0,,0,0,,,0,0,,868187
4,289,Andrew Robertson,0.0,90.0,26,D,7,False,False,,,,0,,,66.0,,54,2.0,,1.0,5.0,2.0,,,,,1.0,1,0,,,0,0,,868187
5,294,Naby Keïta,0.0,45.0,8,M,6.3,False,False,,,,0,,,20.0,1.0,16,1.0,,1.0,12.0,2.0,1.0,1.0,1.0,,4.0,1,0,,,0,0,,868187
6,292,Jordan Henderson,0.0,90.0,14,M,6.2,True,False,,,,0,,,92.0,,80,,,1.0,8.0,2.0,,,3.0,1.0,2.0,1,0,,,0,0,,868187
7,296,James Milner,0.0,90.0,7,M,6.7,False,False,,,,0,,,56.0,1.0,52,2.0,,,13.0,5.0,,,3.0,1.0,1.0,0,0,,,0,0,,868187
8,306,Mohamed Salah,1.0,90.0,11,F,7.6,False,False,3.0,1.0,,0,,,25.0,3.0,18,,,,6.0,4.0,2.0,2.0,,,,0,0,,,0,0,,868187
9,247,Cody Gakpo,0.0,84.0,18,F,6.3,False,False,1.0,,,0,,,23.0,1.0,15,1.0,,,18.0,9.0,3.0,,1.0,1.0,2.0,0,0,,,0,0,,868187
10,2678,Diogo Jota,0.0,71.0,20,F,6.6,False,False,3.0,1.0,,0,,,22.0,1.0,18,1.0,,,10.0,5.0,2.0,2.0,1.0,2.0,,0,0,,,0,0,,868187
11,281,Caoimhin Kelleher,0.0,,62,G,,False,True,,,,0,,,,,,,,,,,,,,,,0,0,,,0,0,,868187
12,1600,Konstantinos Tsimikas,0.0,,21,D,,False,True,,,,0,,,,,,,,,,,,,,,,0,0,,,0,0,,868187
13,162904,Rhys Williams,0.0,,46,D,,False,True,,,,0,,,,,,,,,,,,,,,,0,0,,,0,0,,868187
14,299,Fabinho,0.0,19.0,3,M,6.9,False,True,,,,0,,,12.0,,10,1.0,,,6.0,4.0,1.0,1.0,,1.0,2.0,1,0,,,0,0,,868187
15,310187,Stefan Bajčetić,0.0,10.0,43,D,6.3,False,True,,,,0,,,6.0,,2,1.0,,,5.0,2.0,,,2.0,,,0,0,,,0,0,,868187
16,293,Curtis Jones,0.0,,17,M,,False,True,,,,0,,,,,,,,,,,,,,,,0,0,,,0,0,,868187
17,153066,Fabio Carvalho,0.0,,28,M,,False,True,,,,0,,,,,,,,,,,,,,,,0,0,,,0,0,,868187
18,19035,Harvey Elliott,0.0,45.0,19,M,6.9,False,True,,,,0,,,25.0,,17,1.0,,2.0,5.0,2.0,,,1.0,1.0,,0,0,,,0,0,,868187
19,302,Roberto Firmino,0.0,19.0,9,F,6.3,False,True,,,,0,,,6.0,,6,,,,2.0,1.0,1.0,1.0,1.0,,,0,0,,,0,0,,868187
0,280,Alisson,0.0,90.0,1,G,6.5,False,False,,,,1,,1.0,34.0,,31,,,,1.0,,,,1.0,,,0,0,,,0,0,0.0,868206
1,283,Trent Alexander-Arnold,0.0,65.0,66,D,7.5,False,False,1.0,,,0,,,61.0,2.0,45,4.0,,4.0,8.0,5.0,1.0,1.0,1.0,,1.0,0,0,,,0,0,,868206
2,1145,Ibrahima Konaté,0.0,90.0,5,D,7.2,False,False,1.0,,,0,,,115.0,,110,2.0,,1.0,11.0,6.0,1.0,1.0,3.0,1.0,2.0,1,0,,,0,0,,868206
3,290,Virgil van Dijk,0.0,90.0,4,D,7.3,True,False,3.0,2.0,,0,,,97.0,1.0,84,4.0,,1.0,16.0,11.0,,,2.0,,2.0,0,0,,,0,0,,868206
4,289,Andrew Robertson,1.0,90.0,26,D,7,False,False,1.0,1.0,,0,,,41.0,2.0,33,1.0,,1.0,6.0,2.0,,,,,,0,0,,,0,0,,868206
5,19035,Harvey Elliott,0.0,45.0,19,M,6.2,False,False,,,,0,,,36.0,,31,,,1.0,5.0,,,,4.0,,,0,0,,,0,0,,868206
6,299,Fabinho,0.0,65.0,3,M,6.9,False,False,1.0,,,0,,,42.0,,31,2.0,,,10.0,6.0,,,,2.0,1.0,0,0,,,0,0,,868206
7,310187,Stefan Bajčetić,0.0,88.0,43,M,6.5,False,False,1.0,,,0,,,50.0,,39,,,1.0,6.0,1.0,2.0,1.0,2.0,,1.0,0,0,,,0,0,,868206
8,306,Mohamed Salah,0.0,90.0,11,F,6.5,False,False,2.0,1.0,,0,,,30.0,,23,,,,5.0,1.0,2.0,1.0,,,,0,0,,,0,1,,868206
9,247,Cody Gakpo,1.0,90.0,18,F,6.6,False,False,2.0,,,0,,,17.0,1.0,11,2.0,,,14.0,5.0,1.0,,4.0,3.0,1.0,0,0,,,0,0,,868206
10,51617,Darwin Núñez,2.0,66.0,27,F,6.6,False,False,1.0,1.0,,0,,,11.0,,8,1.0,,,8.0,3.0,1.0,1.0,,,1.0,0,0,,,0,0,,868206
11,18812,Adrián,0.0,,13,G,,False,True,,,,0,,,,,,,,,,,,,,,,0,0,,,0,0,,868206
12,1600,Konstantinos Tsimikas,0.0,,21,D,,False,True,,,,0,,,,,,,,,,,,,,,,0,0,,,0,0,,868206
13,286,Joël Matip,0.0,,32,D,,False,True,,,,0,,,,,,,,,,,,,,,,0,0,,,0,0,,868206
14,150,Arthur,0.0,,29,M,,False,True,,,,0,,,,,,,,,,,,,,,,0,0,,,0,0,,868206
15,296,James Milner,0.0,25.0,7,M,7.2,False,True,,,,0,,,28.0,1.0,21,2.0,,2.0,3.0,2.0,,,1.0,,,0,0,,,0,0,,868206
16,153066,Fabio Carvalho,0.0,8.0,28,M,6.3,False,True,,,,0,,,4.0,,3,,,,1.0,,,,,,,0,0,,,0,0,,868206
17,292,Jordan Henderson,0.0,25.0,14,M,7.2,False,True,,,,0,,,42.0,,38,2.0,,,3.0,3.0,1.0,1.0,,,,0,0,,,0,0,,868206
18,2678,Diogo Jota,0.0,45.0,20,F,6.5,False,True,1.0,1.0,,0,,,13.0,,9,1.0,,,6.0,3.0,3.0,1.0,,,,0,0,,,0,0,,868206
19,302,Roberto Firmino,0.0,24.0,9,F,6.6,False,True,,,,0,,,16.0,,14,1.0,,,1.0,1.0,,,,,,0,0,,,0,0,,868206
0,280,Alisson,0.0,90.0,1,G,6.5,False,False,,,,4,,4.0,39.0,,34,,,,1.0,1.0,1.0,1.0,,,,0,0,,,0,0,0.0,868232
1,283,Trent Alexander-Arnold,1.0,90.0,66,D,6.6,False,False,,,,0,,,31.0,,25,1.0,1.0,2.0,6.0,3.0,2.0,2.0,,,3.0,0,0,,,0,0,,868232
2,1145,Ibrahima Konaté,0.0,90.0,5,D,6.2,False,False,,,,0,,,41.0,,33,,,1.0,5.0,4.0,,,,2.0,1.0,0,0,,,0,0,,868232
3,290,Virgil van Dijk,0.0,90.0,4,D,6.7,False,False,,,,0,,,50.0,,44,4.0,,1.0,8.0,7.0,,,1.0,,,0,0,,,0,0,,868232
4,289,Andrew Robertson,0.0,70.0,26,D,6,False,False,,,,0,,,25.0,,17,2.0,1.0,,6.0,2.0,,,2.0,,2.0,0,0,,,0,0,,868232
5,19035,Harvey Elliott,0.0,70.0,19,M,6.6,False,False,,,,0,,,27.0,1.0,24,1.0,,1.0,3.0,3.0,1.0,1.0,,1.0,,0,0,,,0,0,,868232
6,299,Fabinho,0.0,90.0,3,M,6.3,False,False,,,,0,,,26.0,,22,2.0,2.0,1.0,8.0,2.0,,,3.0,,2.0,0,0,,,0,0,,868232
7,292,Jordan Henderson,0.0,90.0,14,M,6.2,True,False,,,,0,,,44.0,,40,1.0,,2.0,5.0,2.0,,,1.0,,2.0,0,0,,,0,0,,868232
8,306,Mohamed Salah,1.0,70.0,11,F,7.2,False,False,1.0,1.0,1.0,0,,,12.0,1.0,10,,,,,,,,,,,1,0,,,0,0,,868232
9,247,Cody Gakpo,2.0,82.0,18,F,6.7,False,False,,,,0,,,15.0,,12,,,,10.0,6.0,3.0,3.0,1.0,3.0,,0,0,,,0,0,,868232
10,2678,Diogo Jota,1.0,70.0,20,F,6.9,False,False,,,,0,1.0,,16.0,2.0,14,1.0,,1.0,10.0,5.0,1.0,1.0,2.0,2.0,,0,0,,,0,0,,868232
11,281,Caoimhin Kelleher,0.0,,62,G,,False,True,,,,0,,,,,,,,,,,,,,,,0,0,,,0,0,,868232
12,1600,Konstantinos Tsimikas,0.0,20.0,21,D,6.2,False,True,,,,0,,,6.0,,4,,,,3.0,1.0,,,1.0,1.0,1.0,0,0,,,0,0,,868232
13,286,Joël Matip,0.0,,32,D,,False,True,,,,0,,,,,,,,,,,,,,,,0,0,,,0,0,,868232
14,284,Joe Gomez,0.0,,2,D,,False,True,,,,0,,,,,,,,,,,,,,,,0,0,,,0,0,,868232
15,150,Arthur,0.0,,29,M,,False,True,,,,0,,,,,,,,,,,,,,,,0,0,,,0,0,,868232
16,296,James Milner,0.0,8.0,7,M,6.3,False,True,,,,0,,,4.0,,3,,,,,,,,,,,0,0,,,0,0,,868232
17,297,Alex Oxlade-Chamberlain,0.0,20.0,15,M,6.2,False,True,,,,0,,,7.0,,2,,1.0,,1.0,,,,1.0,,,0,0,,,0,0,,868232
18,302,Roberto Firmino,0.0,20.0,9,F,6.6,False,True,,,,0,,,4.0,,2,,,,2.0,2.0,2.0,2.0,,,,0,0,,,0,0,,868232
19,51617,Darwin Núñez,0.0,20.0,27,F,6.5,False,True,,,,0,,,3.0,,2,,,,2.0,,,,,,1.0,0,0,,,0,0,,868232
0,280,Alisson,0.0,90.0,1,G,6.7,False,False,,,,1,,2.0,23.0,,21,,,,,,,,,,,0,0,,,0,0,0.0,868249
1,283,Trent Alexander-Arnold,0.0,90.0,66,D,8.7,False,False,,,,0,2.0,,136.0,2.0,124,3.0,,1.0,6.0,3.0,,,1.0,,,0,0,,,0,0,,868249
2,1145,Ibrahima Konaté,0.0,90.0,5,D,6.7,False,False,,,,0,,,99.0,,90,4.0,1.0,2.0,13.0,8.0,2.0,2.0,1.0,1.0,3.0,0,0,,,0,0,,868249
3,290,Virgil van Dijk,1.0,90.0,4,D,7.7,False,False,,,,0,,,142.0,,137,2.0,2.0,1.0,7.0,5.0,,,,,,0,0,,,0,0,,868249
4,289,Andrew Robertson,0.0,90.0,26,D,6.9,False,False,,,,0,,,87.0,,75,2.0,,,5.0,3.0,1.0,1.0,2.0,,,0,0,,,0,0,,868249
5,292,Jordan Henderson,0.0,81.0,14,M,7.2,True,False,,,,0,1.0,,66.0,4.0,56,1.0,,2.0,6.0,1.0,2.0,,2.0,,1.0,0,0,,,0,0,,868249
6,299,Fabinho,0.0,85.0,3,M,7,False,False,,,,0,,,91.0,,81,1.0,,1.0,5.0,4.0,1.0,1.0,,1.0,1.0,1,0,,,0,0,,868249
7,293,Curtis Jones,0.0,90.0,17,M,7.9,False,False,,,,0,1.0,,57.0,2.0,51,5.0,,,19.0,11.0,4.0,4.0,1.0,2.0,2.0,0,0,,,0,0,,868249
8,306,Mohamed Salah,1.0,81.0,11,F,8.5,False,False,3.0,2.0,2.0,0,,,54.0,1.0,42,,,,4.0,1.0,3.0,1.0,,,,0,0,,,0,0,,868249
9,247,Cody Gakpo,0.0,81.0,18,F,8.3,False,False,2.0,1.0,1.0,0,1.0,,22.0,3.0,20,1.0,,1.0,11.0,5.0,2.0,2.0,1.0,1.0,3.0,0,0,,,0,0,,868249
10,2678,Diogo Jota,0.0,82.0,20,F,8.6,False,False,4.0,2.0,2.0,0,1.0,,33.0,1.0,22,1.0,,,13.0,5.0,3.0,1.0,3.0,,1.0,0,0,,,0,0,,868249
11,2489,Luis Díaz,0.0,9.0,23,F,6.6,False,True,,,,0,,,10.0,1.0,10,1.0,,,2.0,1.0,,,,,,0,0,,,0,0,,868249
12,51617,Darwin Núñez,0.0,9.0,27,F,7.3,False,True,1.0,1.0,1.0,0,,,9.0,,8,,,,,,,,,,,0,0,,,0,0,,868249
13,296,James Milner,0.0,9.0,7,M,6.3,False,True,,,,0,,,11.0,,11,,,,2.0,1.0,,,,1.0,1.0,0,0,,,0,0,,868249
14,302,Roberto Firmino,0.0,8.0,9,F,6.6,False,True,1.0,1.0,,0,,,4.0,,3,,,,,,,,,,,0,0,,,0,0,,868249
15,507,Thiago Alcântara,0.0,10.0,6,M,6.7,False,True,,,,0,,,25.0,,23,,,,,,,,,,,0,0,,,0,0,,868249
16,281,Caoimhin Kelleher,0.0,,62,G,,False,True,,,,0,,,,,,,,,,,,,,,,0,0,,,0,0,,868249
17,1600,Konstantinos Tsimikas,0.0,,21,D,,False,True,,,,0,,,,,,,,,,,,,,,,0,0,,,0,0,,868249
18,286,Joël Matip,0.0,,32,D,,False,True,,,,0,,,,,,,,,,,,,,,,0,0,,,0,0,,868249
19,19035,Harvey Elliott,0.0,,19,M,,False,True,,,,0,,,,,,,,,,,,,,,,0,0,,,0,0,,868249
0,280,Alisson,0.0,90.0,1,G,6.3,False,False,,,,1,,1.0,43.0,,33,,,,1.0,1.0,,,,,,0,0,,,0,0,0.0,868270
1,283,Trent Alexander-Arnold,0.0,90.0,66,D,7.3,False,False,2.0,,,0,1.0,,99.0,2.0,83,1.0,,4.0,8.0,4.0,3.0,1.0,2.0,1.0,,0,0,,,0,0,,868270
2,286,Joël Matip,0.0,90.0,32,D,7.6,False,False,3.0,2.0,1.0,0,,,87.0,,75,1.0,,4.0,17.0,11.0,,,3.0,1.0,1.0,0,0,,,0,0,,868270
3,290,Virgil van Dijk,0.0,90.0,4,D,7.5,False,False,1.0,,,0,,,121.0,,111,,,1.0,9.0,9.0,,,,,,0,0,,,0,0,,868270
4,289,Andrew Robertson,0.0,90.0,26,D,7.7,False,False,,,,0,1.0,,106.0,3.0,93,2.0,,1.0,6.0,3.0,1.0,,,,,0,0,,,0,0,,868270
5,292,Jordan Henderson,0.0,59.0,14,M,7.3,True,False,,,,0,,,48.0,3.0,41,,,1.0,2.0,1.0,,,1.0,,,0,0,,,0,0,,868270
6,299,Fabinho,0.0,90.0,3,M,7.7,False,False,2.0,1.0,,0,,,85.0,1.0,78,4.0,1.0,3.0,11.0,7.0,,,2.0,2.0,1.0,0,0,,,0,0,,868270
7,293,Curtis Jones,0.0,84.0,17,M,6.9,False,False,1.0,,,0,,,71.0,3.0,67,5.0,,2.0,17.0,6.0,2.0,,2.0,,2.0,0,0,,,0,0,,868270
8,306,Mohamed Salah,1.0,90.0,11,F,7,False,False,,,,0,,,44.0,1.0,37,1.0,,,3.0,3.0,1.0,1.0,,,,0,0,,,0,0,,868270
9,247,Cody Gakpo,0.0,78.0,18,F,7.7,False,False,1.0,1.0,1.0,0,,,42.0,2.0,35,1.0,,1.0,4.0,2.0,1.0,1.0,1.0,,,0,0,,,0,0,,868270
10,2678,Diogo Jota,0.0,59.0,20,F,6,False,False,2.0,,,0,,,31.0,,26,3.0,,,10.0,6.0,,,1.0,1.0,1.0,0,0,,,0,0,,868270
11,507,Thiago Alcântara,0.0,31.0,6,M,6.3,False,True,,,,0,,,31.0,,28,,,1.0,4.0,1.0,1.0,1.0,1.0,,,0,0,,,0,0,,868270
12,2489,Luis Díaz,0.0,31.0,23,F,6.6,False,True,1.0,,,0,,,26.0,,23,1.0,,,11.0,3.0,3.0,2.0,,,2.0,0,0,,,0,0,,868270
13,51617,Darwin Núñez,0.0,12.0,27,F,6.5,False,True,,,,0,,,5.0,,3,,,,4.0,1.0,,,,,,0,0,,,0,0,,868270
14,296,James Milner,0.0,10.0,7,M,6.7,False,True,,,,0,,,11.0,,10,1.0,,,2.0,1.0,,,,,1.0,0,0,,,0,0,,868270
15,281,Caoimhin Kelleher,0.0,,62,G,,False,True,,,,0,,,,,,,,,,,,,,,,0,0,,,0,0,,868270
16,284,Joe Gomez,0.0,,2,D,,False,True,,,,0,,,,,,,,,,,,,,,,0,0,,,0,0,,868270
17,1600,Konstantinos Tsimikas,0.0,,21,D,,False,True,,,,0,,,,,,,,,,,,,,,,0,0,,,0,0,,868270
18,153066,Fabio Carvalho,0.0,,28,M,,False,True,,,,0,,,,,,,,,,,,,,,,0,0,,,0,0,,868270
19,19035,Harvey Elliott,0.0,,19,M,,False,True,,,,0,,,,,,,,,,,,,,,,0,0,,,0,0,,868270
0,280,Alisson,0.0,90.0,1,G,8,False,False,,,,0,,4.0,34.0,,31,,,,,,,,,,,0,0,,,0,0,0.0,868303
1,283,Trent Alexander-Arnold,0.0,90.0,66,D,7.6,False,False,1.0,1.0,1.0,0,,,89.0,1.0,67,,,1.0,10.0,3.0,5.0,3.0,,,2.0,0,0,,,0,0,,868303
2,1145,Ibrahima Konaté,0.0,90.0,5,D,6.9,False,False,,,,0,,,64.0,,52,2.0,,1.0,10.0,6.0,,,,2.0,3.0,1,0,,,0,0,,868303
3,290,Virgil van Dijk,0.0,90.0,4,D,7.2,False,False,,,,0,,,85.0,,77,,,,4.0,3.0,,,,,,0,0,,,0,0,,868303
4,289,Andrew Robertson,1.0,90.0,26,D,6.9,False,False,,,,0,,,78.0,1.0,69,,,,6.0,3.0,2.0,1.0,1.0,,,0,0,,,0,0,,868303
5,292,Jordan Henderson,0.0,74.0,14,M,7.2,True,False,,,,0,,,57.0,2.0,50,1.0,,,15.0,8.0,6.0,5.0,1.0,1.0,1.0,0,0,,,0,0,,868303
6,299,Fabinho,0.0,90.0,3,M,7.2,False,False,2.0,,,0,,,74.0,,65,5.0,,1.0,13.0,8.0,1.0,1.0,3.0,2.0,2.0,0,0,,,0,0,,868303
7,293,Curtis Jones,1.0,84.0,17,M,8.9,False,False,2.0,2.0,2.0,0,,,66.0,2.0,60,3.0,,,9.0,5.0,1.0,1.0,,1.0,2.0,0,0,,,0,0,,868303
8,306,Mohamed Salah,1.0,88.0,11,F,7.9,False,False,3.0,1.0,,0,3.0,,36.0,4.0,30,1.0,,,13.0,1.0,2.0,,,,,0,0,,,0,0,,868303
9,247,Cody Gakpo,1.0,90.0,18,F,6.9,False,False,1.0,1.0,,0,,,17.0,2.0,14,4.0,,,21.0,10.0,,,3.0,4.0,,0,0,,,0,0,,868303
10,2489,Luis Díaz,0.0,74.0,23,F,6.6,False,False,2.0,,,0,,,49.0,1.0,42,2.0,,2.0,19.0,4.0,3.0,1.0,,1.0,4.0,0,0,,,0,0,,868303
11,296,James Milner,0.0,16.0,7,M,6.6,False,True,,,,0,,,16.0,1.0,12,,,,1.0,1.0,,,,,,0,0,,,0,0,,868303
12,2678,Diogo Jota,0.0,16.0,20,F,6.6,False,True,,,,0,,,5.0,,4,,,,4.0,2.0,2.0,2.0,,,2.0,0,0,,,0,0,,868303
13,153066,Fabio Carvalho,0.0,10.0,28,M,6.2,False,True,,,,0,,,4.0,,3,,,1.0,2.0,,1.0,,,,1.0,0,0,,,0,0,,868303
14,19035,Harvey Elliott,0.0,2.0,19,M,,False,True,,,,0,,,1.0,,,,,,1.0,,,,1.0,,,0,0,,,0,0,,868303
15,281,Caoimhin Kelleher,0.0,,62,G,,False,True,,,,0,,,,,,,,,,,,,,,,0,0,,,0,0,,868303
16,284,Joe Gomez,0.0,,2,D,,False,True,,,,0,,,,,,,,,,,,,,,,0,0,,,0,0,,868303
17,1600,Konstantinos Tsimikas,0.0,,21,D,,False,True,,,,0,,,,,,,,,,,,,,,,0,0,,,0,0,,868303
18,286,Joël Matip,0.0,,32,D,,False,True,,,,0,,,,,,,,,,,,,,,,0,0,,,0,0,,868303
19,150,Arthur,0.0,,29,M,,False,True,,,,0,,,,,,,,,,,,,,,,0,0,,,0,0,,868303
0,281,Caoimhin Kelleher,0.0,90.0,62,G,6.6,False,False,,,,4,,6.0,17.0,,16,,,,,,,,,,,0,0,,,0,0,0.0,868325
1,283,Trent Alexander-Arnold,0.0,90.0,66,D,7,False,False,,,,0,1.0,,74.0,4.0,61,3.0,,,10.0,6.0,1.0,1.0,4.0,,,0,0,,,0,0,,868325
2,286,Joël Matip,0.0,90.0,32,D,6.2,False,False,1.0,,,0,,,69.0,1.0,61,,,4.0,7.0,2.0,,,,,1.0,0,0,,,0,0,,868325
3,284,Joe Gomez,0.0,90.0,2,D,6.2,False,False,1.0,1.0,,0,,,86.0,,80,,,2.0,7.0,3.0,,,,,,0,0,,,0,0,,868325
4,1600,Konstantinos Tsimikas,0.0,57.0,21,D,6.5,False,False,,,,0,,,40.0,1.0,38,,,3.0,2.0,,,,,,2.0,1,0,,,0,0,,868325
5,296,James Milner,0.0,90.0,7,M,6.3,True,False,1.0,,,0,,,64.0,1.0,54,2.0,,,13.0,6.0,1.0,,2.0,3.0,2.0,0,0,,,0,0,,868325
6,299,Fabinho,0.0,57.0,3,M,6.6,False,False,,,,0,1.0,,46.0,1.0,42,,,1.0,5.0,1.0,1.0,,1.0,,2.0,0,0,,,0,0,,868325
7,293,Curtis Jones,0.0,57.0,17,M,6.2,False,False,,,,0,,,37.0,2.0,37,1.0,,,6.0,1.0,1.0,,1.0,,,0,0,,,0,0,,868325
8,306,Mohamed Salah,0.0,90.0,11,F,7,False,False,6.0,1.0,,0,1.0,,34.0,2.0,25,2.0,,,14.0,7.0,6.0,4.0,1.0,1.0,,0,0,,,0,0,,868325
9,302,Roberto Firmino,0.0,57.0,9,F,7,False,False,1.0,1.0,1.0,0,,,21.0,1.0,14,1.0,,1.0,10.0,2.0,1.0,,3.0,,2.0,0,0,,,0,0,,868325
10,2678,Diogo Jota,0.0,90.0,20,F,8.3,False,False,2.0,2.0,2.0,0,,,21.0,,19,3.0,,,8.0,4.0,1.0,,,,,0,0,,,0,0,,868325
11,292,Jordan Henderson,0.0,33.0,14,M,6.9,False,True,1.0,1.0,,0,,,30.0,1.0,26,1.0,,1.0,1.0,1.0,,,,,,0,0,,,0,0,,868325
12,19035,Harvey Elliott,0.0,33.0,19,M,7.3,False,True,3.0,1.0,,0,,,25.0,4.0,22,2.0,,1.0,3.0,2.0,,,1.0,,,1,0,,,0,0,,868325
13,247,Cody Gakpo,0.0,33.0,18,F,7.9,False,True,2.0,1.0,1.0,0,,,15.0,2.0,11,4.0,,,11.0,6.0,1.0,1.0,3.0,,1.0,0,0,,,0,0,,868325
14,2489,Luis Díaz,0.0,33.0,23,F,7,False,True,1.0,,,0,,,25.0,2.0,18,1.0,,,8.0,5.0,5.0,4.0,1.0,,,0,0,,,0,0,,868325
15,18812,Adrián,0.0,,13,G,,False,True,,,,0,,,,,,,,,,,,,,,,0,0,,,0,0,,868325
16,1145,Ibrahima Konaté,0.0,,5,D,,False,True,,,,0,,,,,,,,,,,,,,,,0,0,,,0,0,,868325
17,162904,Rhys Williams,0.0,,46,D,,False,True,,,,0,,,,,,,,,,,,,,,,0,0,,,0,0,,868325
18,153066,Fabio Carvalho,0.0,,28,M,,False,True,,,,0,,,,,,,,,,,,,,,,0,0,,,0,0,,868325
19,150,Arthur,0.0,,29,M,,False,True,,,,0,,,,,,,,,,,,,,,,0,0,,,0,0,,868325
